0.0,0.0,0.0,0.0,0.0,0.0
0.0,0.0,0.0,-2.23e-06,0.0,-1.51e-06
0.0,0.0,0.0,2e-08,-0.0,2e-08
0.0,0.0,-0.0,2e-08,0.0,2e-08
0.0,0.0,0.0,1e-08,0.0,2e-08
0.0,0.0,0.0,-1e-08,0.0,2e-08
0.0,0.0,0.0,-5e-08,0.0,2e-08
-0.0,-0.0,0.0,-1.2e-07,0.0,2e-08
0.0,0.0,0.0,-2.2e-07,0.0,2e-08
0.0,0.0,0.0,-3.8e-07,0.0,3e-08
-0.0,-0.0,0.0,-6.5e-07,-0.0,5e-08
0.0,0.0,0.0,-1.19e-06,0.0,9e-08
0.0,0.0,0.0,-2.54e-06,-0.0,1.9e-07
-0.0,0.0,0.0,-3.26e-06,0.0,2.6e-07
-0.0,0.00023083,0.0,4.667e-05,0.0,3.173e-05
-0.0,0.00022852,0.0,4.427e-05,0.0,3.164e-05
-0.0,0.00022624,0.0,3.196e-05,0.0,-1.382e-05
-0.0,0.00022398,0.0,2.828e-05,0.0,-1.317e-05
0.0,-0.0007578,-0.0,-0.00020991,-0.0,-0.00014083
0.0,-0.00075023,-0.0,-0.0002112,-0.0,-0.00013902
0.0,-0.00074272,-0.0,-0.00021286,-0.0,-0.00012965
0.0,-0.0007353,-0.0,-0.00021428,-0.0,-0.00010893
0.0,-0.00072794,-0.0,-0.00021804,-0.0,-7.595e-05
0.0,-0.00050644,-0.0,-0.00017279,-0.0,-4.525e-05
0.0,-0.00148212,-0.0,-0.00039822,-0.0,-0.00014529
0.0,-0.00097237,-0.0,-0.00028917,-0.0,-7.469e-05
0.0,-0.00194608,-0.0,-0.00051907,-0.0,-0.00026796
0.0,-0.00126621,-0.0,-0.0003756,-0.0,-0.00017227
0.0,-0.00223798,-0.0,-0.00060076,-0.0,-0.00036594
0.0,-0.00171592,-0.0,-0.00049376,-0.0,-0.00029114
0.0,-0.00268579,0.0,-0.00071184,-0.0,-0.00047049
0.0,-0.0022156,-0.0,-0.00061811,-0.0,-0.00040209
0.0,-0.00289811,0.0,-0.00076704,-0.0,-0.00051195
0.0,-0.0023425,0.0,-0.000658,-0.0,-0.00043085
0.0,-0.00313678,0.0,-0.00082802,-0.0,-0.00057452
0.0,-0.00254598,0.0,-0.00071446,-0.0,-0.00048763
0.0,-0.00331095,0.0,-0.00087457,-0.0,-0.00062307
0.0,-0.00266057,0.0,-0.00075186,-0.0,-0.00052689
0.0,-0.00348369,0.0,-0.0009203,-0.0,-0.00068028
0.0,-0.00279988,0.0,-0.00079392,-0.0,-0.00057846
0.0,-0.00361332,0.0,-0.0009567,-0.0,-0.00072942
0.0,-0.00288344,0.0,-0.00082439,-0.0,-0.00062012
0.0,-0.0037365,0.0,-0.00099113,-0.0,-0.0007835
0.0,-0.00297916,0.0,-0.00085664,-0.0,-0.00066934
0.0,-0.00382624,0.0,-0.00101849,-0.0,-0.00083135
0.0,-0.00303251,0.0,-0.00088029,-0.0,-0.00071103
0.0,-0.0039102,0.0,-0.00104397,-0.0,-0.00088273
0.0,-0.00309593,0.0,-0.00090509,-0.0,-0.00075854
0.0,-0.00396619,0.0,-0.00106369,-0.0,-0.00092833
0.0,-0.00312327,0.0,-0.00092276,-0.0,-0.00079909
0.0,-0.00401901,0.0,-0.00108198,-0.0,-0.00097699
0.0,-0.0031626,0.0,-0.00094173,-0.0,-0.00084492
0.0,-0.00404723,0.0,-0.00109537,-0.0,-0.0010197
0.0,-0.00316865,0.0,-0.00095433,-0.0,-0.00088356
0.0,-0.00407576,0.0,-0.00110786,-0.0,-0.00106547
0.0,-0.00319061,0.0,-0.0009687,-0.0,-0.00092758
0.0,-0.00408175,0.0,-0.00111605,-0.0,-0.00110478
0.0,-0.00317996,0.0,-0.00097707,-0.0,-0.00096369
0.0,-0.00409194,0.0,-0.00112391,-0.0,-0.00114744
0.0,-0.0031903,0.0,-0.00098784,-0.0,-0.0010057
0.0,-0.00408086,0.0,-0.00112791,-0.0,-0.00118295
0.0,-0.00316743,0.0,-0.00099278,-0.0,-0.00103882
0.0,-0.00407792,0.0,-0.00113208,-0.0,-0.00122224
0.0,-0.00317098,0.0,-0.00100071,-0.0,-0.00107852
0.0,-0.00405467,0.0,-0.0011328,-0.0,-0.00125367
0.0,-0.00314051,0.0,-0.001003,-0.0,-0.00110837
0.0,-0.00404308,0.0,-0.00113409,-0.0,-0.00128925
0.0,-0.0031411,0.0,-0.0010087,-0.0,-0.00114537
0.0,-0.00401253,0.0,-0.00113239,-0.0,-0.00131651
0.0,-0.00310802,0.0,-0.00100913,-0.0,-0.00117188
0.0,-0.00399607,0.0,-0.00113147,-0.0,-0.00134793
0.0,-0.00310848,0.0,-0.00101306,-0.0,-0.0012056
0.0,-0.00396314,0.0,-0.00112815,-0.0,-0.00137108
0.0,-0.00307828,0.0,-0.00101244,-0.0,-0.00122897
0.0,-0.00394505,0.0,-0.00112565,-0.0,-0.00139783
0.0,-0.00308065,0.0,-0.00101498,-0.0,-0.00125872
0.0,-0.00391461,0.0,-0.00112146,-0.0,-0.00141706
0.0,-0.00305894,0.0,-0.0010141,-0.0,-0.00127926
0.0,-0.00389799,0.0,-0.001118,-0.0,-0.00143867
0.0,-0.00306531,0.0,-0.0010157,-0.0,-0.00130441
0.0,-0.00387455,0.0,-0.00111364,-0.0,-0.00145412
0.0,-0.00305707,0.0,-0.00101522,-0.0,-0.00132232
0.0,-0.00386285,0.0,-0.00110991,-0.0,-0.00147033
0.0,-0.00307044,0.0,-0.00101647,-0.0,-0.00134257
0.0,-0.00385025,0.0,-0.00110602,-0.0,-0.00148194
0.0,-0.00307939,0.0,-0.00101694,-0.0,-0.00135776
0.0,-0.00384754,0.0,-0.00110279,-0.0,-0.00149281
0.0,-0.00310418,0.0,-0.00101863,-0.0,-0.00137317
0.0,-0.00384907,0.0,-0.0011,-0.0,-0.00150033
0.0,-0.00313291,0.0,-0.00102054,-0.0,-0.00138526
0.0,-0.00385993,0.0,-0.00109808,-0.0,-0.00150611
0.0,-0.00317448,0.0,-0.00102353,-0.0,-0.00139621
0.0,-0.00387879,0.0,-0.00109712,-0.0,-0.00150925
0.0,-0.00322549,0.0,-0.00102745,-0.0,-0.00140477
0.0,-0.00390789,0.0,-0.00109737,-0.0,-0.00151024
0.0,-0.00328924,0.0,-0.00103265,-0.0,-0.0014116
0.0,-0.00394777,0.0,-0.00109905,-0.0,-0.00150889
0.0,-0.00336586,0.0,-0.00103928,-0.0,-0.00141641
0.0,-0.00399976,0.0,-0.0011024,-0.0,-0.00150531
0.0,-0.00345691,0.0,-0.00104761,-0.0,-0.00141935
0.0,-0.004065,0.0,-0.00110767,-0.0,-0.00149952
0.0,-0.00356355,0.0,-0.00105786,-0.0,-0.00142041
0.0,-0.00414478,0.0,-0.00111513,-0.0,-0.00149159
0.0,-0.00368713,0.0,-0.0010703,-0.0,-0.00141964
0.0,-0.00424044,0.0,-0.00112506,-0.0,-0.00148158
0.0,-0.00382909,0.0,-0.00108519,-0.0,-0.00141709
0.0,-0.00435345,0.0,-0.00113777,-0.0,-0.00146958
0.0,-0.003991,0.0,-0.00110284,-0.0,-0.00141284
0.0,-0.00447355,0.0,-0.00115185,-0.0,-0.00145553
0.0,-0.00416369,0.0,-0.00112189,-0.0,-0.0014069
0.0,-0.00454837,0.0,-0.00115973,-0.0,-0.00143874
0.0,-0.00429928,0.0,-0.00113507,-0.0,-0.001399
0.0,-0.00457537,0.0,-0.00116109,-0.0,-0.0014191
0.0,-0.00439494,0.0,-0.00114209,-0.0,-0.00138899
0.0,-0.00455542,0.0,-0.0011559,-0.0,-0.00139689
0.0,-0.00445136,0.0,-0.00114294,-0.0,-0.00137712
0.0,-0.00449081,0.0,-0.00114421,-0.0,-0.00137255
0.0,-0.00444591,0.0,-0.0011357,-0.0,-0.00136053
0.0,-0.00440145,0.0,-0.00112853,-0.0,-0.00134634
0.0,-0.00435743,0.0,-0.00111986,-0.0,-0.00133445
0.0,-0.00431386,0.0,-0.00111087,-0.0,-0.00132242
0.0,-0.00427072,0.0,-0.00110207,-0.0,-0.00131061
0.0,-0.00422801,0.0,-0.00109288,-0.0,-0.00129861
0.0,-0.00418573,0.0,-0.00108393,-0.0,-0.00128685
0.0,-0.00414387,0.0,-0.00107453,-0.0,-0.00127486
0.0,-0.00410244,0.0,-0.00106533,-0.0,-0.00126308
0.0,-0.00406141,0.0,-0.00105571,-0.0,-0.00125108
0.0,-0.0040208,0.0,-0.00104608,-0.0,-0.00123914
0.0,-0.00398059,0.0,-0.00103621,-0.0,-0.0012271
0.0,-0.00394078,0.0,-0.00102619,-0.0,-0.00121501
0.0,-0.00390138,0.0,-0.00101608,-0.0,-0.00120292
0.0,-0.00386236,0.0,-0.00100593,-0.0,-0.00119086
0.0,-0.00382374,0.0,-0.00099583,-0.0,-0.00117888
0.0,-0.0037855,0.0,-0.00098582,-0.0,-0.00116701
0.0,-0.00374765,0.0,-0.00097592,-0.0,-0.00115527
0.0,-0.00371017,0.0,-0.00096612,-0.0,-0.00114365
0.0,-0.00367307,0.0,-0.00095644,-0.0,-0.00113216
0.0,-0.00363634,0.0,-0.00094685,-0.0,-0.00112079
0.0,-0.00359997,0.0,-0.00093737,-0.0,-0.00110954
0.0,-0.00356397,0.0,-0.000928,-0.0,-0.0010984
0.0,-0.00352833,0.0,-0.00091872,-0.0,-0.00108738
0.0,-0.00349305,0.0,-0.00090954,-0.0,-0.00107648
0.0,-0.00345812,0.0,-0.00090046,-0.0,-0.00106569
0.0,-0.00342354,0.0,-0.00089147,-0.0,-0.00105501
0.0,-0.0033893,0.0,-0.00088258,-0.0,-0.00104444
0.0,-0.00335541,0.0,-0.00087378,-0.0,-0.00103397
0.0,-0.00332186,0.0,-0.00086507,-0.0,-0.00102362
0.0,-0.00328864,0.0,-0.00085645,-0.0,-0.00101337
0.0,-0.00325575,0.0,-0.00084791,-0.0,-0.00100322
0.0,-0.00322319,0.0,-0.00083947,-0.0,-0.00099317
0.0,-0.00319096,0.0,-0.00083111,-0.0,-0.00098323
0.0,-0.00315905,0.0,-0.00082284,-0.0,-0.00097339
0.0,-0.00312746,0.0,-0.00081465,-0.0,-0.00096364
0.0,-0.00309619,0.0,-0.00080654,-0.0,-0.000954
0.0,-0.00306523,0.0,-0.00079852,-0.0,-0.00094445
0.0,-0.00303457,0.0,-0.00079057,-0.0,-0.000935
0.0,-0.00300423,0.0,-0.00078271,-0.0,-0.00092564
0.0,-0.00297419,0.0,-0.00077493,-0.0,-0.00091638
0.0,-0.00294444,0.0,-0.00076722,-0.0,-0.0009072
0.0,-0.002915,0.0,-0.00075959,-0.0,-0.00089813
0.0,-0.00288585,0.0,-0.00075204,-0.0,-0.00088914
0.0,-0.00285699,0.0,-0.00074457,-0.0,-0.00088024
0.0,-0.00282842,0.0,-0.00073717,-0.0,-0.00087143
0.0,-0.00280014,0.0,-0.00072984,-0.0,-0.00086271
0.0,-0.00277213,0.0,-0.00072259,-0.0,-0.00085407
0.0,-0.00274441,0.0,-0.00071541,-0.0,-0.00084552
0.0,-0.00271697,0.0,-0.00070831,-0.0,-0.00083706
0.0,-0.0026898,0.0,-0.00070127,-0.0,-0.00082868
0.0,-0.0026629,0.0,-0.00069431,-0.0,-0.00082039
0.0,-0.00263627,0.0,-0.00068741,-0.0,-0.00081218
0.0,-0.00260991,0.0,-0.00068059,-0.0,-0.00080405
0.0,-0.00258381,0.0,-0.00067383,-0.0,-0.000796
0.0,-0.00255797,0.0,-0.00066714,-0.0,-0.00078803
0.0,-0.00253239,0.0,-0.00066052,-0.0,-0.00078014
0.0,-0.00250707,0.0,-0.00065396,-0.0,-0.00077233
0.0,-0.002482,0.0,-0.00064747,-0.0,-0.00076459
0.0,-0.00245718,0.0,-0.00064104,-0.0,-0.00075694
0.0,-0.00243261,0.0,-0.00063468,-0.0,-0.00074936
0.0,-0.00240828,0.0,-0.00062839,-0.0,-0.00074186
0.0,-0.0023842,0.0,-0.00062215,-0.0,-0.00073443
0.0,-0.00236036,0.0,-0.00061598,-0.0,-0.00072707
0.0,-0.00233675,0.0,-0.00060987,-0.0,-0.00071979
0.0,-0.00231338,0.0,-0.00060382,-0.0,-0.00071258
0.0,-0.00229025,0.0,-0.00059783,-0.0,-0.00070544
0.0,-0.00226735,0.0,-0.0005919,-0.0,-0.00069837
0.0,-0.00224467,0.0,-0.00058603,-0.0,-0.00069138
0.0,-0.00222223,0.0,-0.00058022,-0.0,-0.00068445
0.0,-0.00220001,0.0,-0.00057447,-0.0,-0.00067759
0.0,-0.00217801,0.0,-0.00056877,-0.0,-0.0006708
0.0,-0.00215623,0.0,-0.00056313,-0.0,-0.00066408
0.0,-0.00213466,0.0,-0.00055755,-0.0,-0.00065743
0.0,-0.00211332,0.0,-0.00055202,-0.0,-0.00065084
0.0,-0.00209218,0.0,-0.00054655,-0.0,-0.00064431
0.0,-0.00207126,0.0,-0.00054114,-0.0,-0.00063786
0.0,-0.00205055,0.0,-0.00053577,-0.0,-0.00063146
0.0,-0.00203004,0.0,-0.00053046,-0.0,-0.00062513
0.0,-0.00200974,0.0,-0.00052521,-0.0,-0.00061886
0.0,-0.00198965,0.0,-0.00052,-0.0,-0.00061266
0.0,-0.00196975,0.0,-0.00051485,-0.0,-0.00060652
0.0,-0.00195005,0.0,-0.00050975,-0.0,-0.00060043
0.0,-0.00193055,0.0,-0.0005047,-0.0,-0.00059441
0.0,-0.00191125,0.0,-0.0004997,-0.0,-0.00058845
0.0,-0.00189213,0.0,-0.00049475,-0.0,-0.00058255
0.0,-0.00187321,0.0,-0.00048985,-0.0,-0.00057671
0.0,-0.00185448,0.0,-0.000485,-0.0,-0.00057092
0.0,-0.00183594,0.0,-0.0004802,-0.0,-0.00056519
0.0,-0.00181758,0.0,-0.00047544,-0.0,-0.00055952
0.0,-0.0017994,0.0,-0.00047074,-0.0,-0.00055391
0.0,-0.00178141,0.0,-0.00046608,-0.0,-0.00054835
0.0,-0.00176359,0.0,-0.00046146,-0.0,-0.00054285
0.0,-0.00174596,0.0,-0.00045689,-0.0,-0.0005374
0.0,-0.0017285,0.0,-0.00045237,-0.0,-0.00053201
0.0,-0.00171121,0.0,-0.00044789,-0.0,-0.00052667
0.0,-0.0016941,0.0,-0.00044346,-0.0,-0.00052138
0.0,-0.00167716,0.0,-0.00043907,-0.0,-0.00051615
0.0,-0.00166039,0.0,-0.00043472,-0.0,-0.00051097
0.0,-0.00164378,0.0,-0.00043042,-0.0,-0.00050584
0.0,-0.00162735,0.0,-0.00042616,-0.0,-0.00050076
0.0,-0.00161107,0.0,-0.00042194,-0.0,-0.00049574
0.0,-0.00159496,0.0,-0.00041777,-0.0,-0.00049076
0.0,-0.00157901,0.0,-0.00041363,-0.0,-0.00048583
0.0,-0.00156322,0.0,-0.00040954,-0.0,-0.00048095
0.0,-0.00154759,0.0,-0.00040549,-0.0,-0.00047612
0.0,-0.00153211,0.0,-0.00040147,-0.0,-0.00047134
0.0,-0.00151679,0.0,-0.0003975,0.0,-0.00046661
0.0,-0.00150162,0.0,-0.00039357,0.0,-0.00046192
0.0,-0.00148661,0.0,-0.00038967,0.0,-0.00045728
0.0,-0.00147174,0.0,-0.00038582,0.0,-0.00045269
0.0,-0.00145702,0.0,-0.000382,0.0,-0.00044814
0.0,-0.00144245,0.0,-0.00037822,0.0,-0.00044364
0.0,-0.00142803,0.0,-0.00037447,0.0,-0.00043919
0.0,-0.00141375,0.0,-0.00037077,0.0,-0.00043477
0.0,-0.00139961,0.0,-0.0003671,0.0,-0.00043041
0.0,-0.00138562,0.0,-0.00036347,0.0,-0.00042608
0.0,-0.00137176,0.0,-0.00035987,0.0,-0.0004218
0.0,-0.00135804,0.0,-0.00035635,0.0,-0.00041821
0.0,-0.00134446,0.0,-0.00035287,0.0,-0.00041463
0.0,-0.00133102,0.0,-0.00034942,0.0,-0.00041103
0.0,-0.00131771,0.0,-0.00034599,0.0,-0.00040744
0.0,-0.00130453,0.0,-0.0003426,0.0,-0.00040385
0.0,-0.00129148,0.0,-0.00033924,0.0,-0.00040025
0.0,-0.00127857,0.0,-0.00033591,0.0,-0.00039666
0.0,-0.00126578,0.0,-0.00033261,0.0,-0.00039307
0.0,-0.00125313,0.0,-0.00032934,0.0,-0.00038948
0.0,-0.00124059,0.0,-0.0003261,0.0,-0.00038589
0.0,-0.00122819,0.0,-0.00032289,0.0,-0.0003823
0.0,-0.00121591,0.0,-0.00031971,0.0,-0.00037871
0.0,-0.00120375,0.0,-0.00031655,0.0,-0.00037513
0.0,-0.00119171,0.0,-0.00031343,0.0,-0.00037155
0.0,-0.00117979,0.0,-0.00031033,0.0,-0.00036798
0.0,-0.001168,0.0,-0.00030726,0.0,-0.00036441
0.0,-0.00115632,0.0,-0.00030422,0.0,-0.00036085
0.0,-0.00114475,0.0,-0.00030121,0.0,-0.0003573
0.0,-0.0011333,0.0,-0.00029823,0.0,-0.00035376
0.0,-0.00112197,0.0,-0.00029527,0.0,-0.00035022
0.0,-0.00111075,0.0,-0.00029234,0.0,-0.00034669
0.0,-0.00109964,0.0,-0.00028944,0.0,-0.00034318
0.0,-0.00108865,0.0,-0.00028656,0.0,-0.00033968
0.0,-0.00107776,0.0,-0.00028371,0.0,-0.00033619
0.0,-0.00106698,0.0,-0.00028089,0.0,-0.00033271
0.0,-0.00105631,0.0,-0.00027809,0.0,-0.00032925
0.0,-0.00104575,0.0,-0.00027532,0.0,-0.0003258
0.0,-0.00103529,0.0,-0.00027258,0.0,-0.00032238
0.0,-0.00102494,0.0,-0.00026986,0.0,-0.00031897
0.0,-0.00101469,0.0,-0.00026717,0.0,-0.00031557
0.0,-0.00100454,0.0,-0.0002645,0.0,-0.0003122
0.0,-0.0009945,0.0,-0.00026186,0.0,-0.00030885
0.0,-0.00098455,0.0,-0.00025924,0.0,-0.00030552
0.0,-0.00097471,0.0,-0.00025665,0.0,-0.00030222
0.0,-0.00096496,0.0,-0.00025409,0.0,-0.00029893
0.0,-0.00095531,0.0,-0.00025154,0.0,-0.00029568
-0.0,-0.00094576,0.0,-0.00024903,0.0,-0.00029245
-0.0,-0.0009363,0.0,-0.00024653,0.0,-0.00028924
-0.0,-0.00092694,0.0,-0.00024406,0.0,-0.00028607
-0.0,-0.00091767,0.0,-0.00024162,0.0,-0.00028292
-0.0,-0.00090849,0.0,-0.0002392,0.0,-0.0002798
-0.0,-0.00089941,0.0,-0.0002368,0.0,-0.00027671
-0.0,-0.00089041,0.0,-0.00023443,0.0,-0.00027366
-0.0,-0.00088151,0.0,-0.00023208,0.0,-0.00027063
-0.0,-0.00087269,0.0,-0.00022975,-0.0,-0.00026764
-0.0,-0.00086397,0.0,-0.00022744,-0.0,-0.00026468
-0.0,-0.00085533,0.0,-0.00022516,-0.0,-0.00026176
-0.0,-0.00084677,0.0,-0.0002229,-0.0,-0.00025887
-0.0,-0.00083831,0.0,-0.00022066,-0.0,-0.00025602
-0.0,-0.00082992,0.0,-0.00021845,-0.0,-0.0002532
-0.0,-0.00082162,0.0,-0.00021626,-0.0,-0.00025042
-0.0,-0.00081341,0.0,-0.00021409,-0.0,-0.00024768
-0.0,-0.00080527,0.0,-0.00021194,-0.0,-0.00024497
-0.0,-0.00079722,0.0,-0.00020981,-0.0,-0.0002423
-0.0,-0.00078925,0.0,-0.00020771,-0.0,-0.00023967
-0.0,-0.00078136,0.0,-0.00020562,-0.0,-0.00023708
-0.0,-0.00077354,0.0,-0.00020356,-0.0,-0.00023453
-0.0,-0.00076581,0.0,-0.00020152,-0.0,-0.00023201
-0.0,-0.00075815,0.0,-0.0001995,-0.0,-0.00022954
-0.0,-0.00075057,0.0,-0.0001975,-0.0,-0.0002271
-0.0,-0.00074306,0.0,-0.00019552,-0.0,-0.0002247
-0.0,-0.00073563,0.0,-0.00019356,-0.0,-0.00022234
-0.0,-0.00072827,0.0,-0.00019162,-0.0,-0.00022002
-0.0,-0.00072099,0.0,-0.0001897,-0.0,-0.00021773
-0.0,-0.00071378,0.0,-0.0001878,-0.0,-0.00021549
-0.0,-0.00070664,0.0,-0.00018592,-0.0,-0.00021328
-0.0,-0.00069958,0.0,-0.00018406,-0.0,-0.0002111
-0.0,-0.00069258,0.0,-0.00018222,-0.0,-0.00020894
-0.0,-0.00068566,0.0,-0.00018039,-0.0,-0.00020681
-0.0,-0.0006788,0.0,-0.00017859,-0.0,-0.00020471
-0.0,-0.00067201,0.0,-0.0001768,-0.0,-0.00020263
-0.0,-0.00066529,0.0,-0.00017503,-0.0,-0.00020057
-0.0,-0.00065864,0.0,-0.00017328,-0.0,-0.00019854
-0.0,-0.00065205,0.0,-0.00017154,-0.0,-0.00019653
-0.0,-0.00064553,0.0,-0.00016983,-0.0,-0.00019454
-0.0,-0.00063908,0.0,-0.00016813,-0.0,-0.00019258
-0.0,-0.00063269,0.0,-0.00016644,-0.0,-0.00019064
-0.0,-0.00062636,0.0,-0.00016478,-0.0,-0.00018872
-0.0,-0.0006201,0.0,-0.00016313,-0.0,-0.00018682
-0.0,-0.00061389,0.0,-0.0001615,-0.0,-0.00018494
-0.0,-0.00060776,0.0,-0.00015989,-0.0,-0.00018309
-0.0,-0.00060168,0.0,-0.00015829,-0.0,-0.00018125
-0.0,-0.00059566,0.0,-0.00015671,-0.0,-0.00017943
-0.0,-0.0005897,0.0,-0.00015514,-0.0,-0.00017764
-0.0,-0.00058381,0.0,-0.0001536,-0.0,-0.00017586
-0.0,-0.00057797,0.0,-0.00015206,-0.0,-0.00017411
-0.0,-0.00057219,0.0,-0.00015055,-0.0,-0.00017237
-0.0,-0.00056647,0.0,-0.00014905,-0.0,-0.00017065
-0.0,-0.0005608,0.0,-0.00014756,-0.0,-0.00016894
-0.0,-0.00055519,0.0,-0.00014609,-0.0,-0.00016726
-0.0,-0.00054964,0.0,-0.00014464,-0.0,-0.00016559
-0.0,-0.00054415,0.0,-0.0001432,-0.0,-0.00016394
-0.0,-0.00053871,0.0,-0.00014177,-0.0,-0.00016231
-0.0,-0.00053332,0.0,-0.00014036,-0.0,-0.00016069
-0.0,-0.00052798,0.0,-0.00013897,-0.0,-0.00015909
-0.0,-0.00052271,0.0,-0.00013759,-0.0,-0.00015751
-0.0,-0.00051748,0.0,-0.00013622,-0.0,-0.00015594
-0.0,-0.0005123,0.0,-0.00013487,-0.0,-0.00015439
-0.0,-0.00050718,0.0,-0.00013353,-0.0,-0.00015285
-0.0,-0.00050211,0.0,-0.0001322,-0.0,-0.00015132
-0.0,-0.00049709,0.0,-0.00013089,-0.0,-0.00014981
-0.0,-0.00049212,0.0,-0.0001296,-0.0,-0.00014832
-0.0,-0.0004872,0.0,-0.00012831,-0.0,-0.00014684
-0.0,-0.00048232,0.0,-0.00012704,-0.0,-0.00014537
-0.0,-0.0004775,0.0,-0.00012578,-0.0,-0.00014392
-0.0,-0.00047273,0.0,-0.00012454,-0.0,-0.00014248
-0.0,-0.000468,0.0,-0.00012331,-0.0,-0.00014105
-0.0,-0.00046332,0.0,-0.00012209,-0.0,-0.00013964
-0.0,-0.00045868,0.0,-0.00012088,-0.0,-0.00013824
-0.0,-0.0004541,0.0,-0.00011969,-0.0,-0.00013686
-0.0,-0.00044956,0.0,-0.0001185,-0.0,-0.00013548
-0.0,-0.00044506,0.0,-0.00011733,-0.0,-0.00013412
-0.0,-0.00044061,0.0,-0.00011617,-0.0,-0.00013277
-0.0,-0.0004362,0.0,-0.00011503,-0.0,-0.00013144
-0.0,-0.00043184,0.0,-0.00011389,-0.0,-0.00013011
-0.0,-0.00042752,0.0,-0.00011277,-0.0,-0.0001288
-0.0,-0.00042325,0.0,-0.00011165,-0.0,-0.0001275
-0.0,-0.00041902,0.0,-0.00011055,-0.0,-0.00012621
-0.0,-0.00041483,0.0,-0.00010946,-0.0,-0.00012494
-0.0,-0.00041068,0.0,-0.00010838,-0.0,-0.00012367
-0.0,-0.00040657,0.0,-0.00010731,-0.0,-0.00012242
-0.0,-0.00040251,0.0,-0.00010626,-0.0,-0.00012118
-0.0,-0.00039848,0.0,-0.00010521,-0.0,-0.00011995
-0.0,-0.0003945,0.0,-0.00010417,-0.0,-0.00011873
-0.0,-0.00039055,0.0,-0.00010314,-0.0,-0.00011752
-0.0,-0.00038665,0.0,-0.00010212,-0.0,-0.00011632
-0.0,-0.00038278,0.0,-0.00010112,-0.0,-0.00011514
-0.0,-0.00037895,0.0,-0.00010012,-0.0,-0.00011396
-0.0,-0.00037516,0.0,-9.913e-05,-0.0,-0.0001128
-0.0,-0.00037141,0.0,-9.815e-05,-0.0,-0.00011165
-0.0,-0.0003677,0.0,-9.718e-05,-0.0,-0.00011051
-0.0,-0.00036402,0.0,-9.622e-05,-0.0,-0.00010938
-0.0,-0.00036038,0.0,-9.527e-05,-0.0,-0.00010826
-0.0,-0.00035677,0.0,-9.433e-05,-0.0,-0.00010715
-0.0,-0.00035321,0.0,-9.34e-05,-0.0,-0.00010606
-0.0,-0.00034967,0.0,-9.248e-05,-0.0,-0.00010497
-0.0,-0.00034618,0.0,-9.156e-05,-0.0,-0.00010389
-0.0,-0.00034272,0.0,-9.066e-05,-0.0,-0.00010283
-0.0,-0.00033929,0.0,-8.976e-05,-0.0,-0.00010177
-0.0,-0.0003359,0.0,-8.887e-05,-0.0,-0.00010073
-0.0,-0.00033254,0.0,-8.799e-05,-0.0,-9.97e-05
-0.0,-0.00032921,0.0,-8.712e-05,-0.0,-9.868e-05
-0.0,-0.00032592,0.0,-8.626e-05,-0.0,-9.766e-05
-0.0,-0.00032266,0.0,-8.54e-05,-0.0,-9.666e-05
-0.0,-0.00031943,0.0,-8.455e-05,-0.0,-9.567e-05
-0.0,-0.00031624,0.0,-8.371e-05,-0.0,-9.469e-05
-0.0,-0.00031308,0.0,-8.288e-05,-0.0,-9.372e-05
-0.0,-0.00030995,0.0,-8.206e-05,-0.0,-9.276e-05
-0.0,-0.00030685,0.0,-8.124e-05,-0.0,-9.181e-05
-0.0,-0.00030378,0.0,-8.043e-05,-0.0,-9.087e-05
-0.0,-0.00030074,0.0,-7.963e-05,-0.0,-8.995e-05
-0.0,-0.00029773,0.0,-7.884e-05,-0.0,-8.903e-05
-0.0,-0.00029476,0.0,-7.805e-05,-0.0,-8.812e-05
-0.0,-0.00029181,0.0,-7.727e-05,-0.0,-8.722e-05
-0.0,-0.00028889,0.0,-7.65e-05,-0.0,-8.633e-05
-0.0,-0.000286,0.0,-7.574e-05,-0.0,-8.546e-05
-0.0,-0.00028314,0.0,-7.498e-05,-0.0,-8.459e-05
-0.0,-0.00028031,0.0,-7.423e-05,-0.0,-8.373e-05
-0.0,-0.00027751,0.0,-7.349e-05,-0.0,-8.288e-05
-0.0,-0.00027473,0.0,-7.276e-05,-0.0,-8.204e-05
-0.0,-0.00027198,0.0,-7.203e-05,-0.0,-8.121e-05
-0.0,-0.00026926,0.0,-7.131e-05,-0.0,-8.039e-05
-0.0,-0.00026657,0.0,-7.06e-05,-0.0,-7.958e-05
-0.0,-0.00026391,0.0,-6.989e-05,-0.0,-7.878e-05
-0.0,-0.00026127,0.0,-6.919e-05,-0.0,-7.799e-05
-0.0,-0.00025865,0.0,-6.85e-05,-0.0,-7.721e-05
-0.0,-0.00025607,0.0,-6.781e-05,-0.0,-7.644e-05
-0.0,-0.00025351,0.0,-6.714e-05,-0.0,-7.567e-05
-0.0,-0.00025097,0.0,-6.647e-05,-0.0,-7.491e-05
-0.0,-0.00024846,0.0,-6.58e-05,-0.0,-7.416e-05
-0.0,-0.00024598,0.0,-6.514e-05,-0.0,-7.342e-05
-0.0,-0.00024352,0.0,-6.449e-05,-0.0,-7.268e-05
-0.0,-0.00024108,0.0,-6.385e-05,-0.0,-7.196e-05
-0.0,-0.00023867,0.0,-6.321e-05,-0.0,-7.123e-05
-0.0,-0.00023629,0.0,-6.258e-05,-0.0,-7.052e-05
-0.0,-0.00023392,0.0,-6.195e-05,-0.0,-6.981e-05
-0.0,-0.00023158,0.0,-6.133e-05,-0.0,-6.912e-05
-0.0,-0.00022927,0.0,-6.072e-05,-0.0,-6.842e-05
-0.0,-0.00022697,0.0,-6.011e-05,-0.0,-6.774e-05
-0.0,-0.00022471,0.0,-5.951e-05,-0.0,-6.706e-05
-0.0,-0.00022246,0.0,-5.891e-05,-0.0,-6.639e-05
-0.0,-0.00022023,0.0,-5.832e-05,-0.0,-6.572e-05
-0.0,-0.00021803,0.0,-5.774e-05,-0.0,-6.506e-05
-0.0,-0.00021585,0.0,-5.716e-05,-0.0,-6.441e-05
-0.0,-0.00021369,0.0,-5.659e-05,-0.0,-6.377e-05
-0.0,-0.00021156,0.0,-5.603e-05,-0.0,-6.313e-05
-0.0,-0.00020944,0.0,-5.547e-05,-0.0,-6.25e-05
-0.0,-0.00020735,0.0,-5.491e-05,-0.0,-6.187e-05
-0.0,-0.00020527,0.0,-5.436e-05,-0.0,-6.125e-05
-0.0,-0.00020322,0.0,-5.382e-05,-0.0,-6.064e-05
-0.0,-0.00020119,0.0,-5.328e-05,-0.0,-6.003e-05
-0.0,-0.00019918,0.0,-5.275e-05,-0.0,-5.943e-05
-0.0,-0.00019718,0.0,-5.222e-05,-0.0,-5.883e-05
-0.0,-0.00019521,0.0,-5.17e-05,-0.0,-5.824e-05
-0.0,-0.00019326,0.0,-5.118e-05,-0.0,-5.766e-05
-0.0,-0.00019133,0.0,-5.067e-05,-0.0,-5.708e-05
-0.0,-0.00018941,0.0,-5.016e-05,-0.0,-5.651e-05
-0.0,-0.00018752,0.0,-4.966e-05,-0.0,-5.595e-05
-0.0,-0.00018564,0.0,-4.916e-05,-0.0,-5.539e-05
-0.0,-0.00018379,0.0,-4.867e-05,-0.0,-5.483e-05
-0.0,-0.00018195,0.0,-4.819e-05,-0.0,-5.428e-05
-0.0,-0.00018013,0.0,-4.77e-05,-0.0,-5.374e-05
-0.0,-0.00017833,0.0,-4.723e-05,-0.0,-5.32e-05
-0.0,-0.00017655,0.0,-4.675e-05,-0.0,-5.267e-05
-0.0,-0.00017478,0.0,-4.629e-05,-0.0,-5.214e-05
-0.0,-0.00017303,0.0,-4.582e-05,-0.0,-5.162e-05
-0.0,-0.0001713,0.0,-4.537e-05,-0.0,-5.11e-05
-0.0,-0.00016959,0.0,-4.491e-05,-0.0,-5.059e-05
-0.0,-0.00016789,0.0,-4.446e-05,-0.0,-5.008e-05
-0.0,-0.00016621,0.0,-4.402e-05,-0.0,-4.958e-05
-0.0,-0.00016455,0.0,-4.358e-05,-0.0,-4.909e-05
-0.0,-0.00016291,0.0,-4.314e-05,-0.0,-4.859e-05
-0.0,-0.00016128,0.0,-4.271e-05,-0.0,-4.811e-05
-0.0,-0.00015966,0.0,-4.228e-05,-0.0,-4.763e-05
-0.0,-0.00015807,0.0,-4.186e-05,-0.0,-4.715e-05
-0.0,-0.00015649,0.0,-4.144e-05,-0.0,-4.668e-05
-0.0,-0.00015492,0.0,-4.103e-05,-0.0,-4.621e-05
-0.0,-0.00015337,0.0,-4.062e-05,-0.0,-4.575e-05
-0.0,-0.00015184,0.0,-4.021e-05,-0.0,-4.529e-05
-0.0,-0.00015032,0.0,-3.981e-05,-0.0,-4.484e-05
-0.0,-0.00014882,0.0,-3.941e-05,-0.0,-4.439e-05
-0.0,-0.00014733,0.0,-3.902e-05,-0.0,-4.394e-05
-0.0,-0.00014586,0.0,-3.863e-05,-0.0,-4.35e-05
-0.0,-0.0001444,0.0,-3.824e-05,-0.0,-4.307e-05
-0.0,-0.00014295,0.0,-3.786e-05,-0.0,-4.264e-05
-0.0,-0.00014152,0.0,-3.748e-05,-0.0,-4.221e-05
-0.0,-0.00014011,0.0,-3.711e-05,-0.0,-4.179e-05
-0.0,-0.00013871,0.0,-3.673e-05,-0.0,-4.137e-05
-0.0,-0.00013732,0.0,-3.637e-05,-0.0,-4.095e-05
-0.0,-0.00013595,0.0,-3.6e-05,-0.0,-4.054e-05
-0.0,-0.00013459,0.0,-3.564e-05,-0.0,-4.014e-05
-0.0,-0.00013324,0.0,-3.529e-05,-0.0,-3.974e-05
-0.0,-0.00013191,0.0,-3.493e-05,-0.0,-3.934e-05
-0.0,-0.00013059,0.0,-3.458e-05,-0.0,-3.894e-05
-0.0,-0.00012929,0.0,-3.424e-05,-0.0,-3.855e-05
-0.0,-0.00012799,0.0,-3.39e-05,-0.0,-3.817e-05
-0.0,-0.00012671,0.0,-3.356e-05,-0.0,-3.779e-05
-0.0,-0.00012545,0.0,-3.322e-05,-0.0,-3.741e-05
-0.0,-0.00012419,0.0,-3.289e-05,-0.0,-3.703e-05
-0.0,-0.00012295,0.0,-3.256e-05,-0.0,-3.666e-05
-0.0,-0.00012172,0.0,-3.223e-05,-0.0,-3.63e-05
-0.0,-0.0001205,0.0,-3.191e-05,-0.0,-3.593e-05
-0.0,-0.0001193,0.0,-3.159e-05,-0.0,-3.557e-05
-0.0,-0.0001181,0.0,-3.128e-05,-0.0,-3.522e-05
-0.0,-0.00011692,0.0,-3.096e-05,-0.0,-3.487e-05
-0.0,-0.00011575,0.0,-3.066e-05,-0.0,-3.452e-05
-0.0,-0.0001146,0.0,-3.035e-05,-0.0,-3.417e-05
-0.0,-0.00011345,0.0,-3.004e-05,-0.0,-3.383e-05
-0.0,-0.00011232,0.0,-2.974e-05,-0.0,-3.349e-05
-0.0,-0.00011119,0.0,-2.945e-05,-0.0,-3.316e-05
-0.0,-0.00011008,0.0,-2.915e-05,-0.0,-3.282e-05
-0.0,-0.00010898,0.0,-2.886e-05,-0.0,-3.249e-05
-0.0,-0.00010789,0.0,-2.857e-05,-0.0,-3.217e-05
-0.0,-0.00010681,0.0,-2.829e-05,-0.0,-3.185e-05
-0.0,-0.00010574,0.0,-2.8e-05,-0.0,-3.153e-05
-0.0,-0.00010469,0.0,-2.772e-05,-0.0,-3.121e-05
-0.0,-0.00010364,0.0,-2.745e-05,-0.0,-3.09e-05
-0.0,-0.0001026,0.0,-2.717e-05,-0.0,-3.059e-05
-0.0,-0.00010158,0.0,-2.69e-05,-0.0,-3.029e-05
-0.0,-0.00010056,0.0,-2.663e-05,-0.0,-2.998e-05
-0.0,-9.956e-05,0.0,-2.637e-05,-0.0,-2.968e-05
-0.0,-9.856e-05,0.0,-2.61e-05,-0.0,-2.939e-05
-0.0,-9.757e-05,0.0,-2.584e-05,-0.0,-2.909e-05
-0.0,-9.66e-05,0.0,-2.558e-05,-0.0,-2.88e-05
-0.0,-9.563e-05,0.0,-2.533e-05,-0.0,-2.851e-05
-0.0,-9.468e-05,0.0,-2.507e-05,-0.0,-2.823e-05
-0.0,-9.373e-05,0.0,-2.482e-05,-0.0,-2.794e-05
-0.0,-9.279e-05,0.0,-2.457e-05,-0.0,-2.766e-05
-0.0,-9.186e-05,0.0,-2.433e-05,-0.0,-2.739e-05
-0.0,-9.095e-05,0.0,-2.409e-05,-0.0,-2.712e-05
-0.0,-9.004e-05,0.0,-2.385e-05,-0.0,-2.685e-05
-0.0,-8.914e-05,0.0,-2.361e-05,-0.0,-2.658e-05
-0.0,-8.824e-05,0.0,-2.337e-05,-0.0,-2.631e-05
-0.0,-8.736e-05,0.0,-2.314e-05,-0.0,-2.605e-05
-0.0,-8.649e-05,0.0,-2.291e-05,-0.0,-2.579e-05
-0.0,-8.562e-05,0.0,-2.268e-05,-0.0,-2.554e-05
-0.0,-8.477e-05,0.0,-2.246e-05,-0.0,-2.529e-05
-0.0,-8.392e-05,0.0,-2.224e-05,-0.0,-2.503e-05
-0.0,-8.308e-05,0.0,-2.202e-05,-0.0,-2.479e-05
-0.0,-8.225e-05,0.0,-2.18e-05,-0.0,-2.454e-05
-0.0,-8.143e-05,0.0,-2.159e-05,-0.0,-2.43e-05
-0.0,-8.061e-05,0.0,-2.138e-05,-0.0,-2.406e-05
-0.0,-7.981e-05,0.0,-2.117e-05,-0.0,-2.382e-05
-0.0,-7.901e-05,0.0,-2.097e-05,-0.0,-2.359e-05
-0.0,-7.822e-05,0.0,-2.077e-05,-0.0,-2.335e-05
-0.0,-7.744e-05,0.0,-2.057e-05,-0.0,-2.312e-05
-0.0,-7.666e-05,0.0,-2.037e-05,-0.0,-2.289e-05
-0.0,-7.59e-05,0.0,-2.017e-05,-0.0,-2.267e-05
-0.0,-7.514e-05,0.0,-1.998e-05,-0.0,-2.244e-05
-0.0,-7.438e-05,0.0,-1.979e-05,-0.0,-2.222e-05
-0.0,-7.364e-05,0.0,-1.961e-05,-0.0,-2.2e-05
-0.0,-7.29e-05,0.0,-1.942e-05,-0.0,-2.179e-05
-0.0,-7.218e-05,0.0,-1.924e-05,-0.0,-2.157e-05
-0.0,-7.145e-05,0.0,-1.906e-05,-0.0,-2.136e-05
-0.0,-7.074e-05,0.0,-1.888e-05,-0.0,-2.115e-05
-0.0,-7.003e-05,0.0,-1.871e-05,-0.0,-2.094e-05
-0.0,-6.933e-05,0.0,-1.854e-05,-0.0,-2.073e-05
-0.0,-6.864e-05,0.0,-1.837e-05,-0.0,-2.052e-05
-0.0,-6.795e-05,0.0,-1.82e-05,-0.0,-2.032e-05
-0.0,-6.727e-05,0.0,-1.803e-05,-0.0,-2.012e-05
-0.0,-6.66e-05,0.0,-1.787e-05,-0.0,-1.992e-05
-0.0,-6.593e-05,0.0,-1.771e-05,-0.0,-1.972e-05
-0.0,-6.527e-05,0.0,-1.755e-05,-0.0,-1.952e-05
-0.0,-6.462e-05,0.0,-1.739e-05,-0.0,-1.933e-05
-0.0,-6.398e-05,0.0,-1.723e-05,-0.0,-1.914e-05
-0.0,-6.334e-05,0.0,-1.708e-05,-0.0,-1.894e-05
-0.0,-6.27e-05,0.0,-1.693e-05,-0.0,-1.875e-05
-0.0,-6.208e-05,0.0,-1.678e-05,-0.0,-1.857e-05
-0.0,-6.145e-05,0.0,-1.663e-05,-0.0,-1.838e-05
-0.0,-6.084e-05,0.0,-1.648e-05,-0.0,-1.82e-05
-0.0,-6.023e-05,0.0,-1.634e-05,-0.0,-1.801e-05
-0.0,-5.963e-05,0.0,-1.62e-05,-0.0,-1.783e-05
-0.0,-5.903e-05,0.0,-1.605e-05,-0.0,-1.765e-05
-0.0,-5.844e-05,0.0,-1.591e-05,-0.0,-1.748e-05
-0.0,-5.786e-05,0.0,-1.578e-05,-0.0,-1.73e-05
-0.0,-5.728e-05,0.0,-1.564e-05,-0.0,-1.713e-05
-0.0,-5.671e-05,0.0,-1.55e-05,-0.0,-1.695e-05
-0.0,-5.614e-05,0.0,-1.537e-05,-0.0,-1.678e-05
-0.0,-5.558e-05,0.0,-1.524e-05,-0.0,-1.661e-05
-0.0,-5.502e-05,0.0,-1.51e-05,-0.0,-1.645e-05
-0.0,-5.447e-05,0.0,-1.497e-05,-0.0,-1.628e-05
-0.0,-5.393e-05,0.0,-1.484e-05,-0.0,-1.611e-05
-0.0,-5.339e-05,0.0,-1.471e-05,-0.0,-1.595e-05
-0.0,-5.285e-05,0.0,-1.459e-05,-0.0,-1.579e-05
-0.0,-5.233e-05,0.0,-1.446e-05,-0.0,-1.563e-05
-0.0,-5.18e-05,0.0,-1.434e-05,-0.0,-1.547e-05
-0.0,-5.128e-05,0.0,-1.421e-05,-0.0,-1.531e-05
-0.0,-5.077e-05,0.0,-1.409e-05,-0.0,-1.516e-05
-0.0,-5.026e-05,0.0,-1.397e-05,-0.0,-1.5e-05
-0.0,-4.976e-05,0.0,-1.384e-05,-0.0,-1.485e-05
-0.0,-4.926e-05,0.0,-1.372e-05,-0.0,-1.47e-05
-0.0,-4.877e-05,0.0,-1.36e-05,-0.0,-1.455e-05
-0.0,-4.828e-05,0.0,-1.348e-05,-0.0,-1.44e-05
-0.0,-4.78e-05,0.0,-1.336e-05,-0.0,-1.425e-05
-0.0,-4.732e-05,0.0,-1.325e-05,-0.0,-1.411e-05
-0.0,-4.685e-05,0.0,-1.313e-05,-0.0,-1.397e-05
-0.0,-4.638e-05,0.0,-1.301e-05,-0.0,-1.382e-05
-0.0,-4.592e-05,0.0,-1.29e-05,-0.0,-1.368e-05
-0.0,-4.546e-05,0.0,-1.278e-05,-0.0,-1.354e-05
-0.0,-4.5e-05,0.0,-1.266e-05,-0.0,-1.34e-05
-0.0,-4.455e-05,0.0,-1.255e-05,-0.0,-1.327e-05
-0.0,-4.411e-05,0.0,-1.244e-05,-0.0,-1.313e-05
-0.0,-4.367e-05,0.0,-1.232e-05,-0.0,-1.3e-05
-0.0,-4.323e-05,0.0,-1.221e-05,-0.0,-1.286e-05
-0.0,-4.28e-05,0.0,-1.21e-05,-0.0,-1.273e-05
-0.0,-4.237e-05,0.0,-1.199e-05,-0.0,-1.26e-05
-0.0,-4.195e-05,0.0,-1.187e-05,-0.0,-1.247e-05
-0.0,-4.153e-05,0.0,-1.176e-05,-0.0,-1.234e-05
-0.0,-4.111e-05,0.0,-1.165e-05,-0.0,-1.222e-05
-0.0,-4.07e-05,0.0,-1.154e-05,-0.0,-1.209e-05
-0.0,-4.029e-05,0.0,-1.143e-05,-0.0,-1.197e-05
-0.0,-3.989e-05,0.0,-1.132e-05,-0.0,-1.185e-05
-0.0,-3.949e-05,0.0,-1.122e-05,-0.0,-1.173e-05
-0.0,-3.91e-05,0.0,-1.111e-05,-0.0,-1.161e-05
-0.0,-3.871e-05,0.0,-1.1e-05,-0.0,-1.149e-05
-0.0,-3.832e-05,0.0,-1.089e-05,-0.0,-1.137e-05
-0.0,-3.794e-05,0.0,-1.079e-05,-0.0,-1.126e-05
-0.0,-3.756e-05,0.0,-1.068e-05,-0.0,-1.114e-05
-0.0,-3.718e-05,0.0,-1.058e-05,-0.0,-1.103e-05
-0.0,-3.681e-05,0.0,-1.047e-05,-0.0,-1.092e-05
-0.0,-3.644e-05,0.0,-1.037e-05,-0.0,-1.081e-05
-0.0,-3.608e-05,0.0,-1.026e-05,-0.0,-1.07e-05
-0.0,-3.572e-05,0.0,-1.016e-05,-0.0,-1.059e-05
-0.0,-3.536e-05,0.0,-1.006e-05,-0.0,-1.048e-05
-0.0,-3.5e-05,0.0,-9.96e-06,-0.0,-1.038e-05
-0.0,-3.465e-05,0.0,-9.86e-06,-0.0,-1.027e-05
-0.0,-3.431e-05,0.0,-9.76e-06,-0.0,-1.017e-05
0.0,-3.396e-05,-0.0,-9.66e-06,8e-08,-1.007e-05
1e-08,-3.363e-05,-0.0,-9.57e-06,3e-07,-9.97e-06
1e-08,-3.329e-05,-0.0,-9.47e-06,6.8e-07,-9.87e-06
2e-08,-3.296e-05,-0.0,-9.38e-06,1.19e-06,-9.77e-06
4e-08,-3.263e-05,-0.0,-9.29e-06,1.86e-06,-9.67e-06
5e-08,-3.23e-05,-0.0,-9.19e-06,2.65e-06,-9.57e-06
7e-08,-3.198e-05,-0.0,-9.11e-06,3.59e-06,-9.48e-06
9e-08,-3.166e-05,-0.0,-9.02e-06,4.65e-06,-9.38e-06
1.1e-07,-3.134e-05,-0.0,-8.94e-06,5.85e-06,-9.29e-06
1.4e-07,-3.103e-05,-0.0,-8.85e-06,7.18e-06,-9.2e-06
1.6e-07,-3.072e-05,-0.0,-8.76e-06,8.63e-06,-9.1e-06
1.9e-07,-3.041e-05,-0.0,-8.67e-06,1.02e-05,-9.01e-06
2.2e-07,-3.01e-05,-0.0,-8.58e-06,1.189e-05,-8.92e-06
2.6e-07,-2.98e-05,-0.0,-8.49e-06,1.37e-05,-8.83e-06
2.9e-07,-2.95e-05,-0.0,-8.4e-06,1.563e-05,-8.74e-06
3.3e-07,-2.921e-05,-0.0,-8.31e-06,1.767e-05,-8.66e-06
3.6e-07,-2.891e-05,-0.0,-8.22e-06,1.982e-05,-8.57e-06
4e-07,-2.862e-05,-0.0,-8.14e-06,2.208e-05,-8.48e-06
4.4e-07,-2.834e-05,-0.0,-8.05e-06,2.445e-05,-8.4e-06
4.8e-07,-2.805e-05,-0.0,-7.96e-06,2.692e-05,-8.31e-06
5.3e-07,-2.777e-05,-0.0,-7.87e-06,2.949e-05,-8.23e-06
5.7e-07,-2.749e-05,-0.0,-7.78e-06,3.216e-05,-8.14e-06
6.1e-07,-2.721e-05,-0.0,-7.69e-06,3.492e-05,-8.06e-06
6.6e-07,-2.694e-05,-0.0,-7.6e-06,3.778e-05,-7.98e-06
7.1e-07,-2.667e-05,-0.0,-7.51e-06,4.074e-05,-7.9e-06
7.5e-07,-2.64e-05,-0.0,-7.42e-06,4.378e-05,-7.82e-06
8e-07,-2.613e-05,-0.0,-7.32e-06,4.691e-05,-7.74e-06
8.5e-07,-2.586e-05,-0.0,-7.23e-06,5.013e-05,-7.66e-06
9e-07,-2.56e-05,-0.0,-7.13e-06,5.343e-05,-7.58e-06
9.5e-07,-2.534e-05,-0.0,-7.04e-06,5.681e-05,-7.5e-06
1e-06,-2.508e-05,-0.0,-6.94e-06,6.027e-05,-7.42e-06
1.06e-06,-2.482e-05,-0.0,-6.84e-06,6.381e-05,-7.35e-06
1.11e-06,-2.457e-05,-0.0,-6.73e-06,6.742e-05,-7.27e-06
1.16e-06,-2.432e-05,-0.0,-6.63e-06,7.111e-05,-7.19e-06
1.21e-06,-2.407e-05,-0.0,-6.52e-06,7.487e-05,-7.12e-06
1.27e-06,-2.382e-05,-0.0,-6.41e-06,7.869e-05,-7.04e-06
1.32e-06,-2.357e-05,-0.0,-6.3e-06,8.259e-05,-6.97e-06
1.38e-06,-2.333e-05,-0.0,-6.19e-06,8.655e-05,-6.89e-06
1.43e-06,-2.309e-05,-0.0,-6.07e-06,9.057e-05,-6.82e-06
1.48e-06,-2.285e-05,-0.0,-5.95e-06,9.465e-05,-6.75e-06
1.54e-06,-2.261e-05,-0.0,-5.83e-06,9.879e-05,-6.67e-06
1.59e-06,-2.237e-05,-0.0,-5.7e-06,0.00010299,-6.6e-06
1.65e-06,-2.214e-05,-0.0,-5.57e-06,0.00010724,-6.53e-06
1.7e-06,-2.19e-05,-0.0,-5.44e-06,0.00011155,-6.46e-06
1.76e-06,-2.167e-05,-0.0,-5.3e-06,0.00011591,-6.39e-06
1.81e-06,-2.144e-05,-0.0,-5.16e-06,0.00012031,-6.32e-06
1.87e-06,-2.121e-05,-0.0,-5.01e-06,0.00012477,-6.25e-06
1.92e-06,-2.099e-05,-0.0,-4.86e-06,0.00012927,-6.17e-06
1.97e-06,-2.076e-05,-0.0,-4.71e-06,0.00013381,-6.11e-06
2.03e-06,-2.054e-05,-0.0,-4.55e-06,0.0001384,-6.04e-06
2.08e-06,-2.032e-05,-0.0,-4.38e-06,0.00014302,-5.97e-06
2.13e-06,-2.01e-05,-0.0,-4.22e-06,0.00014768,-5.9e-06
2.19e-06,-1.988e-05,-0.0,-4.04e-06,0.00015238,-5.83e-06
2.24e-06,-1.966e-05,-0.0,-3.86e-06,0.00015711,-5.76e-06
2.29e-06,-1.944e-05,-0.0,-3.68e-06,0.00016187,-5.69e-06
2.34e-06,-1.923e-05,-0.0,-3.49e-06,0.00016667,-5.63e-06
2.39e-06,-1.902e-05,-0.0,-3.29e-06,0.00017149,-5.56e-06
2.44e-06,-1.881e-05,-0.0,-3.09e-06,0.00017634,-5.49e-06
2.49e-06,-1.86e-05,-0.0,-2.88e-06,0.00018121,-5.43e-06
2.54e-06,-1.839e-05,-0.0,-2.67e-06,0.00018611,-5.36e-06
2.59e-06,-1.818e-05,-0.0,-2.44e-06,0.00019103,-5.29e-06
2.64e-06,-1.797e-05,-0.0,-2.22e-06,0.00019596,-5.23e-06
2.69e-06,-1.777e-05,-0.0,-1.98e-06,0.00020092,-5.16e-06
2.73e-06,-1.756e-05,-0.0,-1.74e-06,0.00020589,-5.1e-06
2.78e-06,-1.736e-05,-0.0,-1.49e-06,0.00021087,-5.03e-06
2.83e-06,-1.716e-05,-0.0,-1.23e-06,0.00021586,-4.97e-06
2.87e-06,-1.696e-05,-0.0,-9.7e-07,0.00022087,-4.9e-06
2.92e-06,-1.676e-05,-0.0,-7e-07,0.00022588,-4.84e-06
2.96e-06,-1.657e-05,-0.0,-4.2e-07,0.0002309,-4.77e-06
3e-06,-1.637e-05,-0.0,-1.3e-07,0.00023592,-4.71e-06
3.05e-06,-1.618e-05,-0.0,1.6e-07,0.00024095,-4.65e-06
3.09e-06,-1.598e-05,-0.0,4.7e-07,0.00024597,-4.58e-06
3.13e-06,-1.579e-05,-0.0,7.8e-07,0.000251,-4.52e-06
3.17e-06,-1.56e-05,-0.0,1.1e-06,0.00025602,-4.46e-06
3.21e-06,-1.541e-05,-0.0,1.43e-06,0.00026104,-4.4e-06
3.24e-06,-1.522e-05,-0.0,1.77e-06,0.00026605,-4.33e-06
3.28e-06,-1.503e-05,-0.0,2.12e-06,0.00027105,-4.27e-06
3.32e-06,-1.485e-05,-0.0,2.47e-06,0.00027604,-4.21e-06
3.35e-06,-1.466e-05,-0.0,2.84e-06,0.00028102,-4.15e-06
3.39e-06,-1.448e-05,-0.0,3.22e-06,0.00028599,-4.09e-06
3.42e-06,-1.429e-05,1.7e-07,3.54e-06,0.0002908,-4.03e-06
3.45e-06,-1.411e-05,6.3e-07,3.77e-06,0.00029534,-3.97e-06
3.49e-06,-1.393e-05,1.39e-06,3.91e-06,0.00029962,-3.91e-06
3.52e-06,-1.375e-05,2.42e-06,3.95e-06,0.00030365,-3.85e-06
3.54e-06,-1.357e-05,3.74e-06,3.91e-06,0.00030743,-3.79e-06
3.57e-06,-1.34e-05,5.34e-06,3.79e-06,0.00031095,-3.73e-06
3.6e-06,-1.322e-05,7.2e-06,3.58e-06,0.00031422,-3.67e-06
3.63e-06,-1.305e-05,9.34e-06,3.28e-06,0.00031724,-3.61e-06
3.65e-06,-1.287e-05,1.174e-05,2.91e-06,0.00032001,-3.55e-06
3.67e-06,-1.27e-05,1.44e-05,2.45e-06,0.00032254,-3.5e-06
3.7e-06,-1.253e-05,1.732e-05,1.92e-06,0.00032483,-3.44e-06
3.72e-06,-1.236e-05,2.049e-05,1.32e-06,0.00032688,-3.38e-06
3.74e-06,-1.219e-05,2.391e-05,6.4e-07,0.0003287,-3.33e-06
3.76e-06,-1.202e-05,2.758e-05,-1.1e-07,0.00033028,-3.27e-06
3.78e-06,-1.186e-05,3.148e-05,-9.3e-07,0.00033163,-3.22e-06
3.79e-06,-1.169e-05,3.563e-05,-1.81e-06,0.00033274,-3.16e-06
3.81e-06,-1.153e-05,4e-05,-2.77e-06,0.00033363,-3.11e-06
3.82e-06,-1.137e-05,4.461e-05,-3.79e-06,0.0003343,-3.05e-06
3.84e-06,-1.121e-05,4.944e-05,-4.87e-06,0.00033474,-3e-06
3.85e-06,-1.105e-05,5.449e-05,-6.01e-06,0.00033497,-2.94e-06
3.86e-06,-1.089e-05,5.975e-05,-7.21e-06,0.00033498,-2.89e-06
3.87e-06,-1.073e-05,6.522e-05,-8.46e-06,0.00033477,-2.84e-06
3.88e-06,-1.057e-05,7.091e-05,-9.77e-06,0.00033435,-2.78e-06
3.89e-06,-1.042e-05,7.679e-05,-1.114e-05,0.00033372,-2.73e-06
3.9e-06,-1.026e-05,8.287e-05,-1.256e-05,0.00033289,-2.68e-06
3.91e-06,-1.011e-05,8.915e-05,-1.403e-05,0.00033185,-2.63e-06
3.91e-06,-9.96e-06,9.561e-05,-1.555e-05,0.00033062,-2.58e-06
4e-06,-9.81e-06,9.465e-05,-1.575e-05,0.00032721,-2.53e-06
4.09e-06,-9.66e-06,9.371e-05,-1.594e-05,0.00032382,-2.47e-06
4.17e-06,-9.51e-06,9.277e-05,-1.613e-05,0.00032046,-2.42e-06
4.25e-06,-9.36e-06,9.184e-05,-1.63e-05,0.00031713,-2.37e-06
4.33e-06,-9.21e-06,9.092e-05,-1.647e-05,0.00031382,-2.32e-06
4.4e-06,-9.06e-06,9.001e-05,-1.663e-05,0.00031054,-2.26e-06
4.47e-06,-8.92e-06,8.911e-05,-1.677e-05,0.00030728,-2.21e-06
4.53e-06,-8.77e-06,8.822e-05,-1.691e-05,0.00030406,-2.16e-06
4.6e-06,-8.62e-06,8.734e-05,-1.703e-05,0.00030085,-2.1e-06
4.66e-06,-8.48e-06,8.647e-05,-1.715e-05,0.00029767,-2.05e-06
4.72e-06,-8.34e-06,8.564e-05,-1.724e-05,0.00029558,-2e-06
4.77e-06,-8.19e-06,8.574e-05,-1.763e-05,0.00029281,-1.94e-06
4.83e-06,-8.05e-06,8.617e-05,-1.863e-05,0.00028947,-1.89e-06
4.88e-06,-7.91e-06,8.659e-05,-2.042e-05,0.00028563,-1.84e-06
4.92e-06,-7.77e-06,8.701e-05,-2.298e-05,0.00028132,-1.78e-06
4.97e-06,-7.64e-06,8.741e-05,-2.63e-05,0.00027656,-1.73e-06
5.01e-06,-7.5e-06,8.779e-05,-3.035e-05,0.00027138,-1.68e-06
5.04e-06,-7.37e-06,8.814e-05,-3.513e-05,0.0002658,-1.63e-06
5.08e-06,-7.23e-06,8.847e-05,-4.06e-05,0.00025986,-1.58e-06
5.11e-06,-7.1e-06,8.877e-05,-4.675e-05,0.00025357,-1.53e-06
5.14e-06,-6.97e-06,8.902e-05,-5.354e-05,0.00024698,-1.48e-06
5.17e-06,-6.85e-06,8.924e-05,-6.096e-05,0.00024009,-1.43e-06
5.19e-06,-6.72e-06,8.941e-05,-6.897e-05,0.00023296,-1.38e-06
5.21e-06,-6.6e-06,8.953e-05,-7.754e-05,0.00022559,-1.33e-06
5.23e-06,-6.48e-06,8.959e-05,-8.665e-05,0.00021802,-1.29e-06
5.24e-06,-6.36e-06,8.958e-05,-9.625e-05,0.00021027,-1.24e-06
5.25e-06,-6.24e-06,8.951e-05,-0.00010633,0.00020237,-1.19e-06
5.26e-06,-6.12e-06,8.936e-05,-0.00011683,0.00019435,-1.15e-06
5.27e-06,-6.01e-06,8.913e-05,-0.00012774,0.00018623,-1.1e-06
5.28e-06,-5.9e-06,8.881e-05,-0.00013903,0.000178,-1.05e-06
5.28e-06,-5.79e-06,8.839e-05,-0.00015063,0.00016973,-1.01e-06
5.28e-06,-5.68e-06,8.786e-05,-0.00016252,0.00016144,-9.6e-07
5.28e-06,-5.58e-06,8.722e-05,-0.00017466,0.00015315,-9.2e-07
5.28e-06,-5.47e-06,8.647e-05,-0.00018703,0.00014489,-8.7e-07
5.27e-06,-5.37e-06,8.56e-05,-0.00019959,0.00013665,-8.3e-07
5.26e-06,-5.27e-06,8.46e-05,-0.00021231,0.00012846,-7.9e-07
5.26e-06,-5.17e-06,8.347e-05,-0.00022517,0.00012033,-7.4e-07
5.25e-06,-5.08e-06,8.22e-05,-0.00023812,0.00011228,-7e-07
5.24e-06,-4.99e-06,8.079e-05,-0.00025114,0.00010432,-6.6e-07
5.22e-06,-4.89e-06,7.924e-05,-0.0002642,9.645e-05,-6.2e-07
5.21e-06,-4.8e-06,7.755e-05,-0.00027727,8.871e-05,-5.7e-07
5.19e-06,-4.72e-06,7.571e-05,-0.00029032,8.109e-05,-5.3e-07
5.18e-06,-4.63e-06,7.37e-05,-0.00030332,7.36e-05,-4.9e-07
5.16e-06,-4.55e-06,7.151e-05,-0.00031623,6.626e-05,-4.5e-07
5.14e-06,-4.47e-06,6.916e-05,-0.00032905,5.907e-05,-4.1e-07
5.12e-06,-4.39e-06,6.662e-05,-0.00034173,5.204e-05,-3.7e-07
5.09e-06,-4.31e-06,6.39e-05,-0.00035426,4.517e-05,-3.3e-07
5.07e-06,-4.23e-06,6.354e-05,-0.00036662,3.93e-05,-2.9e-07
5.05e-06,-4.16e-06,6.317e-05,-0.00037874,3.367e-05,-2.6e-07
5.02e-06,-4.08e-06,6.281e-05,-0.0003906,2.827e-05,-2.2e-07
5e-06,-4.01e-06,6.271e-05,-0.00040194,2.241e-05,-1.8e-07
4.97e-06,-3.94e-06,6.26e-05,-0.00041275,1.598e-05,-1.4e-07
4.94e-06,-3.88e-06,6.249e-05,-0.00042303,8.99e-06,-1.1e-07
4.91e-06,-3.81e-06,6.238e-05,-0.00043278,1.46e-06,-7e-08
4.88e-06,-3.75e-06,6.226e-05,-0.00044202,-6.61e-06,-4e-08
4.85e-06,-3.68e-06,6.213e-05,-0.00045075,-1.518e-05,-0.0
4.82e-06,-3.62e-06,6.2e-05,-0.00045896,-2.425e-05,3e-08
4.79e-06,-3.56e-06,6.187e-05,-0.00046668,-3.381e-05,7e-08
4.76e-06,-3.5e-06,6.173e-05,-0.0004739,-4.384e-05,1e-07
4.73e-06,-3.45e-06,6.158e-05,-0.00048064,-5.432e-05,1.3e-07
4.7e-06,-3.39e-06,6.144e-05,-0.00048689,-6.525e-05,1.6e-07
4.67e-06,-3.34e-06,6.129e-05,-0.00049267,-7.661e-05,1.9e-07
4.64e-06,-3.28e-06,6.113e-05,-0.00049798,-8.839e-05,2.2e-07
4.6e-06,-3.23e-06,6.098e-05,-0.00050283,-0.00010057,2.5e-07
4.57e-06,-3.18e-06,6.082e-05,-0.00050722,-0.00011315,2.8e-07
4.54e-06,-3.13e-06,6.065e-05,-0.00051117,-0.00012611,3.1e-07
4.5e-06,-3.08e-06,6.049e-05,-0.00051467,-0.00013943,3.4e-07
4.47e-06,-3.03e-06,6.032e-05,-0.00051774,-0.00015312,3.7e-07
4.44e-06,-2.99e-06,6.014e-05,-0.00052038,-0.00016716,3.9e-07
4.4e-06,-2.94e-06,5.997e-05,-0.0005226,-0.00018153,4.2e-07
4.37e-06,-2.9e-06,5.979e-05,-0.0005244,-0.00019623,4.5e-07
4.33e-06,-2.85e-06,5.961e-05,-0.0005258,-0.00021124,4.7e-07
4.3e-06,-2.81e-06,5.943e-05,-0.0005268,-0.00022656,5e-07
4.27e-06,-2.77e-06,5.924e-05,-0.0005274,-0.00024218,5.2e-07
4.23e-06,-2.73e-06,5.905e-05,-0.00052761,-0.00025808,5.4e-07
4.2e-06,-2.69e-06,5.886e-05,-0.00052744,-0.00027426,5.7e-07
4.16e-06,-2.65e-06,5.867e-05,-0.00052689,-0.0002907,5.9e-07
4.13e-06,-2.61e-06,5.848e-05,-0.00052598,-0.0003074,6.1e-07
4.09e-06,-2.57e-06,5.828e-05,-0.0005247,-0.00032434,6.3e-07
4.06e-06,-2.54e-06,5.809e-05,-0.00052307,-0.00034152,6.5e-07
4.03e-06,-2.5e-06,5.789e-05,-0.00052108,-0.00035893,6.8e-07
3.99e-06,-2.47e-06,5.769e-05,-0.00051875,-0.00037656,7e-07
3.96e-06,-2.43e-06,5.749e-05,-0.00051608,-0.0003944,7.2e-07
3.93e-06,-2.4e-06,5.728e-05,-0.00051308,-0.00041244,7.3e-07
3.89e-06,-2.36e-06,5.708e-05,-0.00050974,-0.00043067,7.5e-07
3.86e-06,-2.33e-06,5.687e-05,-0.00050609,-0.00044908,7.7e-07
3.83e-06,-2.3e-06,5.667e-05,-0.00050211,-0.00046767,7.9e-07
3.79e-06,-2.27e-06,5.646e-05,-0.00049782,-0.00048643,8.1e-07
3.76e-06,-2.24e-06,5.625e-05,-0.00049323,-0.00050534,8.2e-07
3.73e-06,-2.21e-06,5.604e-05,-0.00048833,-0.00052439,8.4e-07
3.69e-06,-2.18e-06,5.565e-05,-0.0004836,-0.00054353,8.6e-07
3.66e-06,-2.15e-06,5.527e-05,-0.00047908,-0.00056278,8.7e-07
3.63e-06,-2.12e-06,5.489e-05,-0.0004748,-0.00058214,8.9e-07
3.6e-06,-2.09e-06,5.451e-05,-0.00047074,-0.00060157,9e-07
3.57e-06,-2.06e-06,5.414e-05,-0.00046691,-0.00062107,9.2e-07
3.53e-06,-2.03e-06,5.376e-05,-0.0004633,-0.00064062,9.3e-07
3.5e-06,-2.01e-06,5.339e-05,-0.00045992,-0.00066021,9.4e-07
3.47e-06,-1.98e-06,5.302e-05,-0.00045677,-0.0006798,9.5e-07
3.44e-06,-1.95e-06,5.265e-05,-0.00045384,-0.0006994,9.7e-07
3.41e-06,-1.93e-06,5.229e-05,-0.00045113,-0.00071898,9.8e-07
3.38e-06,-1.9e-06,5.192e-05,-0.00044864,-0.00073852,9.9e-07
3.35e-06,-1.88e-06,5.156e-05,-0.00044637,-0.00075802,1e-06
3.32e-06,-1.86e-06,5.12e-05,-0.00044431,-0.00077744,1.01e-06
3.29e-06,-1.83e-06,5.085e-05,-0.00044246,-0.00079678,1.02e-06
3.26e-06,-1.81e-06,5.049e-05,-0.00044083,-0.00081602,1.03e-06
3.23e-06,-1.79e-06,5.014e-05,-0.00043939,-0.00083514,1.04e-06
3.2e-06,-1.76e-06,4.979e-05,-0.00043816,-0.00085413,1.05e-06
3.17e-06,-1.74e-06,4.944e-05,-0.00043713,-0.00087298,1.06e-06
3.14e-06,-1.72e-06,4.909e-05,-0.00043628,-0.00089165,1.07e-06
3.11e-06,-1.7e-06,4.874e-05,-0.00043562,-0.00091015,1.08e-06
3.08e-06,-1.68e-06,4.84e-05,-0.00043515,-0.00092844,1.08e-06
3.05e-06,-1.66e-06,4.806e-05,-0.00043484,-0.00094653,1.09e-06
3.02e-06,-1.64e-06,4.772e-05,-0.00043471,-0.00096439,1.1e-06
2.99e-06,-1.62e-06,4.738e-05,-0.00043474,-0.00098201,1.11e-06
2.97e-06,-1.6e-06,4.704e-05,-0.00043493,-0.00099937,1.11e-06
2.94e-06,-1.58e-06,4.671e-05,-0.00043526,-0.00101646,1.12e-06
2.91e-06,-1.56e-06,4.637e-05,-0.00043575,-0.00103326,1.12e-06
2.88e-06,-1.54e-06,4.604e-05,-0.00043636,-0.00104976,1.13e-06
2.86e-06,-1.52e-06,4.571e-05,-0.00043711,-0.00106595,1.13e-06
2.83e-06,-1.5e-06,4.538e-05,-0.00043797,-0.00108181,1.14e-06
2.8e-06,-1.49e-06,4.506e-05,-0.00043895,-0.00109733,1.14e-06
2.77e-06,-1.47e-06,4.473e-05,-0.00044004,-0.00111249,1.15e-06
2.75e-06,-1.45e-06,4.441e-05,-0.00044122,-0.00112729,1.15e-06
2.72e-06,-1.44e-06,4.409e-05,-0.00044303,-0.00114225,1.16e-06
2.69e-06,-1.42e-06,4.376e-05,-0.00044486,-0.00115674,1.16e-06
2.67e-06,-1.4e-06,4.344e-05,-0.0004467,-0.00117074,1.16e-06
2.64e-06,-1.39e-06,4.313e-05,-0.00044855,-0.00118426,1.17e-06
2.62e-06,-1.37e-06,4.281e-05,-0.0004504,-0.00119727,1.17e-06
2.59e-06,-1.36e-06,4.249e-05,-0.00045223,-0.00120979,1.17e-06
2.57e-06,-1.34e-06,4.218e-05,-0.00045405,-0.00122179,1.17e-06
2.54e-06,-1.33e-06,4.187e-05,-0.00045583,-0.00123328,1.17e-06
2.52e-06,-1.31e-06,4.156e-05,-0.00045758,-0.00124425,1.18e-06
2.49e-06,-1.3e-06,4.126e-05,-0.00045929,-0.00125468,1.18e-06
2.47e-06,-1.28e-06,4.095e-05,-0.00046094,-0.00126459,1.18e-06
2.44e-06,-1.27e-06,4.065e-05,-0.00046253,-0.00127395,1.18e-06
2.42e-06,-1.26e-06,4.034e-05,-0.00046405,-0.00128276,1.18e-06
2.4e-06,-1.24e-06,4.004e-05,-0.00046549,-0.00129102,1.18e-06
2.37e-06,-1.23e-06,3.974e-05,-0.00046684,-0.00129872,1.18e-06
2.35e-06,-1.21e-06,3.945e-05,-0.0004681,-0.00130586,1.18e-06
2.33e-06,-1.2e-06,3.915e-05,-0.00046926,-0.00131243,1.18e-06
2.31e-06,-1.19e-06,3.886e-05,-0.00047031,-0.00131841,1.18e-06
2.28e-06,-1.17e-06,3.857e-05,-0.00047123,-0.00132382,1.18e-06
2.26e-06,-1.16e-06,3.827e-05,-0.00047203,-0.00132864,1.18e-06
2.24e-06,-1.14e-06,3.798e-05,-0.0004727,-0.00133286,1.18e-06
2.22e-06,-1.13e-06,3.77e-05,-0.00047322,-0.00133649,1.18e-06
2.2e-06,-1.12e-06,3.741e-05,-0.00047359,-0.00133951,1.18e-06
2.18e-06,-1.11e-06,3.712e-05,-0.00047433,-0.00134222,1.18e-06
2.16e-06,-1.09e-06,3.683e-05,-0.00047494,-0.00134432,1.18e-06
2.13e-06,-1.08e-06,3.655e-05,-0.00047539,-0.00134579,1.18e-06
2.11e-06,-1.07e-06,3.627e-05,-0.00047568,-0.00134664,1.17e-06
2.09e-06,-1.06e-06,3.598e-05,-0.00047581,-0.00134685,1.17e-06
2.07e-06,-1.05e-06,3.57e-05,-0.00047575,-0.00134643,1.17e-06
2.05e-06,-1.04e-06,3.542e-05,-0.00047551,-0.00134535,1.17e-06
2.03e-06,-1.02e-06,3.514e-05,-0.00047508,-0.00134363,1.16e-06
2.01e-06,-1.01e-06,3.487e-05,-0.00047443,-0.00134124,1.16e-06
1.99e-06,-1e-06,3.459e-05,-0.00047358,-0.00133819,1.16e-06
1.97e-06,-9.9e-07,3.431e-05,-0.0004725,-0.00133447,1.16e-06
1.95e-06,-9.8e-07,3.404e-05,-0.00047119,-0.00133007,1.15e-06
1.93e-06,-9.7e-07,3.377e-05,-0.00046964,-0.00132499,1.15e-06
1.92e-06,-9.6e-07,3.35e-05,-0.00046784,-0.00131922,1.15e-06
1.9e-06,-9.5e-07,3.323e-05,-0.00046578,-0.00131277,1.14e-06
1.88e-06,-9.4e-07,3.296e-05,-0.00046346,-0.00130561,1.14e-06
1.86e-06,-9.3e-07,3.269e-05,-0.00046086,-0.00129775,1.14e-06
1.84e-06,-9.2e-07,3.242e-05,-0.00045799,-0.00128919,1.13e-06
1.82e-06,-9.1e-07,3.215e-05,-0.00045482,-0.00127991,1.13e-06
1.81e-06,-9e-07,3.189e-05,-0.00045136,-0.00126991,1.12e-06
1.79e-06,-8.9e-07,3.163e-05,-0.0004476,-0.00125919,1.12e-06
1.77e-06,-8.8e-07,3.136e-05,-0.00044352,-0.00124775,1.12e-06
1.75e-06,-8.7e-07,3.11e-05,-0.00043913,-0.00123557,1.11e-06
1.74e-06,-8.6e-07,3.079e-05,-0.00043468,-0.00122323,1.11e-06
1.72e-06,-8.5e-07,3.048e-05,-0.00043027,-0.00121101,1.1e-06
1.7e-06,-8.4e-07,3.018e-05,-0.00042592,-0.00119892,1.1e-06
1.69e-06,-8.3e-07,2.987e-05,-0.00042161,-0.00118694,1.09e-06
1.67e-06,-8.2e-07,2.958e-05,-0.00041734,-0.00117509,1.09e-06
1.65e-06,-8.2e-07,2.928e-05,-0.00041312,-0.00116335,1.08e-06
1.64e-06,-8.1e-07,2.899e-05,-0.00040895,-0.00115172,1.07e-06
1.62e-06,-8e-07,2.87e-05,-0.00040482,-0.00114021,1.07e-06
1.6e-06,-7.9e-07,2.841e-05,-0.00040074,-0.00112882,1.06e-06
1.59e-06,-7.8e-07,2.813e-05,-0.0003967,-0.00111754,1.06e-06
1.57e-06,-7.7e-07,2.785e-05,-0.0003927,-0.00110637,1.05e-06
1.56e-06,-7.6e-07,2.757e-05,-0.00038875,-0.00109531,1.04e-06
1.54e-06,-7.6e-07,2.729e-05,-0.00038484,-0.00108436,1.04e-06
1.53e-06,-7.5e-07,2.702e-05,-0.00038097,-0.00107352,1.03e-06
1.51e-06,-7.4e-07,2.675e-05,-0.00037714,-0.00106279,1.02e-06
1.5e-06,-7.3e-07,2.648e-05,-0.00037335,-0.00105217,1.01e-06
1.48e-06,-7.2e-07,2.622e-05,-0.0003696,-0.00104165,1.01e-06
1.47e-06,-7.2e-07,2.595e-05,-0.00036589,-0.00103123,1e-06
1.45e-06,-7.1e-07,2.569e-05,-0.00036222,-0.00102092,9.9e-07
1.44e-06,-7e-07,2.544e-05,-0.00035859,-0.00101071,9.8e-07
1.43e-06,-6.9e-07,2.518e-05,-0.000355,-0.00100061,9.8e-07
1.41e-06,-6.9e-07,2.493e-05,-0.00035144,-0.0009906,9.7e-07
1.4e-06,-6.8e-07,2.468e-05,-0.00034793,-0.00098069,9.6e-07
1.38e-06,-6.7e-07,2.443e-05,-0.00034445,-0.00097088,9.5e-07
1.37e-06,-6.6e-07,2.419e-05,-0.000341,-0.00096118,9.5e-07
1.36e-06,-6.6e-07,2.395e-05,-0.00033759,-0.00095156,9.4e-07
1.34e-06,-6.5e-07,2.371e-05,-0.00033421,-0.00094205,9.3e-07
1.33e-06,-6.4e-07,2.347e-05,-0.00033087,-0.00093263,9.2e-07
1.32e-06,-6.4e-07,2.324e-05,-0.00032756,-0.0009233,9.1e-07
1.3e-06,-6.3e-07,2.3e-05,-0.00032428,-0.00091407,9.1e-07
1.29e-06,-6.2e-07,2.277e-05,-0.00032103,-0.00090493,9e-07
1.28e-06,-6.2e-07,2.255e-05,-0.00031782,-0.00089588,8.9e-07
1.27e-06,-6.1e-07,2.232e-05,-0.00031464,-0.00088692,8.8e-07
1.25e-06,-6e-07,2.21e-05,-0.0003115,-0.00087805,8.7e-07
1.24e-06,-6e-07,2.188e-05,-0.00030838,-0.00086928,8.7e-07
1.23e-06,-5.9e-07,2.166e-05,-0.0003053,-0.00086059,8.6e-07
1.22e-06,-5.8e-07,2.144e-05,-0.00030224,-0.00085198,8.5e-07
1.2e-06,-5.8e-07,2.123e-05,-0.00029922,-0.00084347,8.4e-07
1.19e-06,-5.7e-07,2.102e-05,-0.00029623,-0.00083504,8.3e-07
1.18e-06,-5.7e-07,2.081e-05,-0.00029327,-0.00082669,8.3e-07
1.17e-06,-5.6e-07,2.06e-05,-0.00029034,-0.00081843,8.2e-07
1.16e-06,-5.5e-07,2.039e-05,-0.00028744,-0.00081025,8.1e-07
1.15e-06,-5.5e-07,2.019e-05,-0.00028456,-0.00080215,8e-07
1.14e-06,-5.4e-07,1.999e-05,-0.00028172,-0.00079414,7.9e-07
1.12e-06,-5.4e-07,1.979e-05,-0.00027891,-0.0007862,7.8e-07
1.11e-06,-5.3e-07,1.959e-05,-0.00027612,-0.00077835,7.8e-07
1.1e-06,-5.2e-07,1.939e-05,-0.00027336,-0.00077057,7.7e-07
1.09e-06,-5.2e-07,1.92e-05,-0.00027063,-0.00076288,7.6e-07
1.08e-06,-5.1e-07,1.901e-05,-0.00026793,-0.00075526,7.5e-07
1.07e-06,-5.1e-07,1.882e-05,-0.00026525,-0.00074772,7.4e-07
1.06e-06,-5e-07,1.863e-05,-0.0002626,-0.00074025,7.4e-07
1.05e-06,-5e-07,1.844e-05,-0.00025998,-0.00073286,7.3e-07
1.04e-06,-4.9e-07,1.826e-05,-0.00025739,-0.00072554,7.2e-07
1.03e-06,-4.9e-07,1.807e-05,-0.00025482,-0.0007183,7.1e-07
1.02e-06,-4.8e-07,1.789e-05,-0.00025227,-0.00071113,7e-07
1.01e-06,-4.8e-07,1.771e-05,-0.00024976,-0.00070403,7e-07
1e-06,-4.7e-07,1.754e-05,-0.00024726,-0.000697,6.9e-07
9.9e-07,-4.7e-07,1.736e-05,-0.0002448,-0.00069005,6.8e-07
9.8e-07,-4.6e-07,1.719e-05,-0.00024236,-0.00068316,6.7e-07
9.7e-07,-4.6e-07,1.702e-05,-0.00023994,-0.00067634,6.6e-07
9.6e-07,-4.5e-07,1.685e-05,-0.00023755,-0.0006696,6.6e-07
9.5e-07,-4.5e-07,1.668e-05,-0.00023518,-0.00066292,6.5e-07
9.4e-07,-4.4e-07,1.651e-05,-0.00023283,-0.0006563,6.4e-07
9.3e-07,-4.4e-07,1.635e-05,-0.00023051,-0.00064976,6.4e-07
9.2e-07,-4.3e-07,1.618e-05,-0.00022821,-0.00064327,6.3e-07
9.1e-07,-4.3e-07,1.602e-05,-0.00022594,-0.00063686,6.2e-07
9e-07,-4.3e-07,1.586e-05,-0.00022368,-0.00063051,6.1e-07
8.9e-07,-4.2e-07,1.57e-05,-0.00022145,-0.00062422,6.1e-07
8.9e-07,-4.2e-07,1.555e-05,-0.00021925,-0.00061799,6e-07
8.8e-07,-4.1e-07,1.539e-05,-0.00021706,-0.00061183,5.9e-07
8.7e-07,-4.1e-07,1.524e-05,-0.0002149,-0.00060573,5.9e-07
8.6e-07,-4e-07,1.508e-05,-0.00021276,-0.00059969,5.8e-07
8.5e-07,-4e-07,1.493e-05,-0.00021064,-0.00059371,5.8e-07
8.4e-07,-4e-07,1.478e-05,-0.00020854,-0.00058779,5.7e-07
8.3e-07,-3.9e-07,1.464e-05,-0.00020646,-0.00058193,5.6e-07
8.3e-07,-3.9e-07,1.449e-05,-0.0002044,-0.00057613,5.6e-07
8.2e-07,-3.8e-07,1.434e-05,-0.00020237,-0.00057039,5.5e-07
8.1e-07,-3.8e-07,1.42e-05,-0.00020035,-0.0005647,5.5e-07
8e-07,-3.8e-07,1.406e-05,-0.00019835,-0.00055907,5.4e-07
7.9e-07,-3.7e-07,1.392e-05,-0.00019638,-0.0005535,5.4e-07
7.9e-07,-3.7e-07,1.378e-05,-0.00019442,-0.00054798,5.3e-07
7.8e-07,-3.6e-07,1.364e-05,-0.00019248,-0.00054252,5.3e-07
7.7e-07,-3.6e-07,1.35e-05,-0.00019057,-0.00053711,5.2e-07
7.6e-07,-3.6e-07,1.337e-05,-0.00018867,-0.00053175,5.2e-07
7.5e-07,-3.5e-07,1.324e-05,-0.00018679,-0.00052645,5.1e-07
7.5e-07,-3.5e-07,1.31e-05,-0.00018493,-0.0005212,5.1e-07
7.4e-07,-3.5e-07,1.297e-05,-0.00018308,-0.00051601,5e-07
7.3e-07,-3.4e-07,1.284e-05,-0.00018126,-0.00051086,5e-07
7.3e-07,-3.4e-07,1.271e-05,-0.00017945,-0.00050577,4.9e-07
7.2e-07,-3.3e-07,1.259e-05,-0.00017766,-0.00050072,4.9e-07
7.1e-07,-3.3e-07,1.246e-05,-0.00017589,-0.00049573,4.9e-07
7e-07,-3.3e-07,1.234e-05,-0.00017414,-0.00049079,4.8e-07
7e-07,-3.2e-07,1.221e-05,-0.0001724,-0.00048589,4.8e-07
6.9e-07,-3.2e-07,1.209e-05,-0.00017068,-0.00048105,4.7e-07
6.8e-07,-3.2e-07,1.197e-05,-0.00016898,-0.00047625,4.7e-07
6.8e-07,-3.1e-07,1.185e-05,-0.0001673,-0.0004715,4.7e-07
6.7e-07,-3.1e-07,1.173e-05,-0.00016563,-0.00046679,4.6e-07
6.6e-07,-3.1e-07,1.161e-05,-0.00016397,-0.00046213,4.6e-07
6.6e-07,-3e-07,1.15e-05,-0.00016234,-0.00045752,4.5e-07
6.5e-07,-3e-07,1.138e-05,-0.00016072,-0.00045296,4.5e-07
6.4e-07,-3e-07,1.127e-05,-0.00015911,-0.00044844,4.5e-07
6.4e-07,-3e-07,1.116e-05,-0.00015753,-0.00044396,4.4e-07
6.3e-07,-2.9e-07,1.105e-05,-0.00015595,-0.00043953,4.4e-07
6.2e-07,-2.9e-07,1.094e-05,-0.0001544,-0.00043514,4.4e-07
6.2e-07,-2.9e-07,1.083e-05,-0.00015286,-0.00043079,4.3e-07
6.1e-07,-2.8e-07,1.072e-05,-0.00015133,-0.00042649,4.3e-07
6.1e-07,-2.8e-07,1.061e-05,-0.00014982,-0.00042223,4.3e-07
6e-07,-2.8e-07,1.05e-05,-0.00014832,-0.00041802,4.2e-07
5.9e-07,-2.7e-07,1.04e-05,-0.00014684,-0.00041384,4.2e-07
5.9e-07,-2.7e-07,1.03e-05,-0.00014537,-0.00040971,4.2e-07
5.8e-07,-2.7e-07,1.019e-05,-0.00014392,-0.00040561,4.1e-07
5.8e-07,-2.7e-07,1.009e-05,-0.00014248,-0.00040156,4.1e-07
5.7e-07,-2.6e-07,9.99e-06,-0.00014106,-0.00039754,4e-07
5.7e-07,-2.6e-07,9.89e-06,-0.00013965,-0.00039357,4e-07
5.6e-07,-2.6e-07,9.79e-06,-0.00013825,-0.00038964,4e-07
5.5e-07,-2.6e-07,9.69e-06,-0.00013687,-0.00038574,3.9e-07
5.5e-07,-2.5e-07,9.6e-06,-0.0001355,-0.00038189,3.9e-07
5.4e-07,-2.5e-07,9.5e-06,-0.00013414,-0.00037807,3.9e-07
5.4e-07,-2.5e-07,9.4e-06,-0.0001328,-0.00037429,3.8e-07
5.3e-07,-2.5e-07,9.31e-06,-0.00013147,-0.00037054,3.8e-07
5.3e-07,-2.4e-07,9.22e-06,-0.00013016,-0.00036684,3.8e-07
5.2e-07,-2.4e-07,9.13e-06,-0.00012885,-0.00036317,3.7e-07
5.2e-07,-2.4e-07,9.03e-06,-0.00012757,-0.00035954,3.7e-07
5.1e-07,-2.4e-07,8.94e-06,-0.00012629,-0.00035594,3.7e-07
5.1e-07,-2.3e-07,8.85e-06,-0.00012503,-0.00035238,3.6e-07
5e-07,-2.3e-07,8.77e-06,-0.00012377,-0.00034886,3.6e-07
5e-07,-2.3e-07,8.68e-06,-0.00012254,-0.00034537,3.6e-07
4.9e-07,-2.3e-07,8.59e-06,-0.00012131,-0.00034192,3.5e-07
4.9e-07,-2.2e-07,8.51e-06,-0.0001201,-0.0003385,3.5e-07
4.8e-07,-2.2e-07,8.42e-06,-0.00011889,-0.00033511,3.5e-07
4.8e-07,-2.2e-07,8.34e-06,-0.00011771,-0.00033176,3.4e-07
4.7e-07,-2.2e-07,8.25e-06,-0.00011653,-0.00032844,3.4e-07
4.7e-07,-2.1e-07,8.17e-06,-0.00011536,-0.00032516,3.4e-07
4.6e-07,-2.1e-07,8.09e-06,-0.00011421,-0.00032191,3.3e-07
4.6e-07,-2.1e-07,8.01e-06,-0.00011307,-0.00031869,3.3e-07
4.5e-07,-2.1e-07,7.93e-06,-0.00011193,-0.0003155,3.3e-07
4.5e-07,-2.1e-07,7.85e-06,-0.00011081,-0.00031234,3.2e-07
4.4e-07,-2e-07,7.77e-06,-0.00010971,-0.00030922,3.2e-07
4.4e-07,-2e-07,7.69e-06,-0.00010861,-0.00030613,3.2e-07
4.4e-07,-2e-07,7.62e-06,-0.00010752,-0.00030307,3.1e-07
4.3e-07,-2e-07,7.54e-06,-0.00010645,-0.00030004,3.1e-07
4.3e-07,-2e-07,7.46e-06,-0.00010538,-0.00029704,3.1e-07
4.2e-07,-1.9e-07,7.39e-06,-0.00010433,-0.00029407,3.1e-07
4.2e-07,-1.9e-07,7.32e-06,-0.00010328,-0.00029112,3e-07
4.1e-07,-1.9e-07,7.24e-06,-0.00010225,-0.00028821,3e-07
4.1e-07,-1.9e-07,7.17e-06,-0.00010123,-0.00028533,3e-07
4.1e-07,-1.9e-07,7.1e-06,-0.00010021,-0.00028248,2.9e-07
4e-07,-1.8e-07,7.03e-06,-9.921e-05,-0.00027965,2.9e-07
4e-07,-1.8e-07,6.96e-06,-9.822e-05,-0.00027686,2.9e-07
3.9e-07,-1.8e-07,6.89e-06,-9.724e-05,-0.00027409,2.9e-07
3.9e-07,-1.8e-07,6.82e-06,-9.626e-05,-0.00027135,2.8e-07
3.9e-07,-1.8e-07,6.75e-06,-9.53e-05,-0.00026863,2.8e-07
3.8e-07,-1.8e-07,6.68e-06,-9.435e-05,-0.00026595,2.8e-07
3.8e-07,-1.7e-07,6.62e-06,-9.34e-05,-0.00026329,2.7e-07
3.7e-07,-1.7e-07,6.55e-06,-9.247e-05,-0.00026065,2.7e-07
3.7e-07,-1.7e-07,6.48e-06,-9.154e-05,-0.00025805,2.7e-07
3.7e-07,-1.7e-07,6.42e-06,-9.063e-05,-0.00025547,2.7e-07
3.6e-07,-1.7e-07,6.36e-06,-8.972e-05,-0.00025291,2.6e-07
3.6e-07,-1.6e-07,6.29e-06,-8.882e-05,-0.00025038,2.6e-07
3.6e-07,-1.6e-07,6.23e-06,-8.793e-05,-0.00024788,2.6e-07
3.5e-07,-1.6e-07,6.17e-06,-8.705e-05,-0.0002454,2.6e-07
3.5e-07,-1.6e-07,6.1e-06,-8.618e-05,-0.00024295,2.5e-07
3.5e-07,-1.6e-07,6.04e-06,-8.532e-05,-0.00024052,2.5e-07
3.4e-07,-1.6e-07,5.98e-06,-8.447e-05,-0.00023811,2.5e-07
3.4e-07,-1.5e-07,5.92e-06,-8.362e-05,-0.00023573,2.5e-07
3.4e-07,-1.5e-07,5.86e-06,-8.279e-05,-0.00023337,2.4e-07
3.3e-07,-1.5e-07,5.81e-06,-8.196e-05,-0.00023104,2.4e-07
3.3e-07,-1.5e-07,5.75e-06,-8.114e-05,-0.00022873,2.4e-07
3.3e-07,-1.5e-07,5.69e-06,-8.033e-05,-0.00022644,2.4e-07
3.2e-07,-1.5e-07,5.63e-06,-7.952e-05,-0.00022418,2.4e-07
3.2e-07,-1.5e-07,5.58e-06,-7.873e-05,-0.00022193,2.3e-07
3.2e-07,-1.4e-07,5.52e-06,-7.794e-05,-0.00021971,2.3e-07
3.1e-07,-1.4e-07,5.47e-06,-7.716e-05,-0.00021752,2.3e-07
3.1e-07,-1.4e-07,5.41e-06,-7.639e-05,-0.00021534,2.3e-07
3.1e-07,-1.4e-07,5.36e-06,-7.562e-05,-0.00021319,2.2e-07
3e-07,-1.4e-07,5.3e-06,-7.487e-05,-0.00021106,2.2e-07
3e-07,-1.4e-07,5.25e-06,-7.412e-05,-0.00020895,2.2e-07
3e-07,-1.4e-07,5.2e-06,-7.338e-05,-0.00020686,2.2e-07
2.9e-07,-1.3e-07,5.15e-06,-7.264e-05,-0.00020479,2.2e-07
2.9e-07,-1.3e-07,5.09e-06,-7.191e-05,-0.00020274,2.1e-07
2.9e-07,-1.3e-07,5.04e-06,-7.12e-05,-0.00020071,2.1e-07
2.9e-07,-1.3e-07,4.99e-06,-7.048e-05,-0.0001987,2.1e-07
2.8e-07,-1.3e-07,4.94e-06,-6.978e-05,-0.00019672,2.1e-07
2.8e-07,-1.3e-07,4.89e-06,-6.908e-05,-0.00019475,2.1e-07
2.8e-07,-1.3e-07,4.84e-06,-6.839e-05,-0.0001928,2e-07
2.7e-07,-1.3e-07,4.8e-06,-6.77e-05,-0.00019087,2e-07
2.7e-07,-1.2e-07,4.75e-06,-6.703e-05,-0.00018897,2e-07
2.7e-07,-1.2e-07,4.7e-06,-6.636e-05,-0.00018708,2e-07
2.7e-07,-1.2e-07,4.65e-06,-6.569e-05,-0.0001852,2e-07
2.6e-07,-1.2e-07,4.61e-06,-6.504e-05,-0.00018335,1.9e-07
2.6e-07,-1.2e-07,4.56e-06,-6.438e-05,-0.00018152,1.9e-07
2.6e-07,-1.2e-07,4.52e-06,-6.374e-05,-0.0001797,1.9e-07
2.6e-07,-1.2e-07,4.47e-06,-6.31e-05,-0.00017791,1.9e-07
2.5e-07,-1.2e-07,4.43e-06,-6.247e-05,-0.00017613,1.9e-07
2.5e-07,-1.1e-07,4.38e-06,-6.185e-05,-0.00017437,1.8e-07
2.5e-07,-1.1e-07,4.34e-06,-6.123e-05,-0.00017262,1.8e-07
2.5e-07,-1.1e-07,4.29e-06,-6.061e-05,-0.0001709,1.8e-07
2.4e-07,-1.1e-07,4.25e-06,-6.001e-05,-0.00016919,1.8e-07
2.4e-07,-1.1e-07,4.21e-06,-5.941e-05,-0.00016749,1.8e-07
2.4e-07,-1.1e-07,4.17e-06,-5.881e-05,-0.00016582,1.8e-07
2.4e-07,-1.1e-07,4.13e-06,-5.823e-05,-0.00016416,1.7e-07
2.3e-07,-1.1e-07,4.08e-06,-5.764e-05,-0.00016252,1.7e-07
2.3e-07,-1.1e-07,4.04e-06,-5.707e-05,-0.00016089,1.7e-07
2.3e-07,-1e-07,4e-06,-5.65e-05,-0.00015929,1.7e-07
2.3e-07,-1e-07,3.96e-06,-5.593e-05,-0.00015769,1.7e-07
2.2e-07,-1e-07,3.92e-06,-5.537e-05,-0.00015612,1.7e-07
2.2e-07,-1e-07,3.88e-06,-5.482e-05,-0.00015455,1.6e-07
2.2e-07,-1e-07,3.84e-06,-5.427e-05,-0.00015301,1.6e-07
2.2e-07,-1e-07,3.81e-06,-5.373e-05,-0.00015148,1.6e-07
2.2e-07,-1e-07,3.77e-06,-5.319e-05,-0.00014996,1.6e-07
2.1e-07,-1e-07,3.73e-06,-5.266e-05,-0.00014846,1.6e-07
2.1e-07,-1e-07,3.69e-06,-5.213e-05,-0.00014698,1.6e-07
2.1e-07,-1e-07,3.66e-06,-5.161e-05,-0.00014551,1.5e-07
2.1e-07,-9e-08,3.62e-06,-5.109e-05,-0.00014405,1.5e-07
2.1e-07,-9e-08,3.58e-06,-5.058e-05,-0.00014261,1.5e-07
2e-07,-9e-08,3.55e-06,-5.007e-05,-0.00014119,1.5e-07
2e-07,-9e-08,3.51e-06,-4.957e-05,-0.00013978,1.5e-07
2e-07,-9e-08,3.48e-06,-4.908e-05,-0.00013838,1.5e-07
2e-07,-9e-08,3.44e-06,-4.859e-05,-0.00013699,1.5e-07
2e-07,-9e-08,3.41e-06,-4.81e-05,-0.00013562,1.4e-07
1.9e-07,-9e-08,3.37e-06,-4.762e-05,-0.00013427,1.4e-07
1.9e-07,-9e-08,3.34e-06,-4.714e-05,-0.00013292,1.4e-07
1.9e-07,-9e-08,3.31e-06,-4.667e-05,-0.0001316,1.4e-07
1.9e-07,-9e-08,3.27e-06,-4.62e-05,-0.00013028,1.4e-07
1.9e-07,-8e-08,3.24e-06,-4.574e-05,-0.00012898,1.4e-07
1.8e-07,-8e-08,3.21e-06,-4.528e-05,-0.00012769,1.4e-07
1.8e-07,-8e-08,3.18e-06,-4.483e-05,-0.00012641,1.3e-07
1.8e-07,-8e-08,3.14e-06,-4.438e-05,-0.00012515,1.3e-07
1.8e-07,-8e-08,3.11e-06,-4.394e-05,-0.00012389,1.3e-07
1.8e-07,-8e-08,3.08e-06,-4.35e-05,-0.00012266,1.3e-07
1.7e-07,-8e-08,3.05e-06,-4.306e-05,-0.00012143,1.3e-07
1.7e-07,-8e-08,3.02e-06,-4.263e-05,-0.00012022,1.3e-07
1.7e-07,-8e-08,2.99e-06,-4.221e-05,-0.00011902,1.3e-07
1.7e-07,-8e-08,2.96e-06,-4.179e-05,-0.00011783,1.3e-07
1.7e-07,-8e-08,2.93e-06,-4.137e-05,-0.00011665,1.3e-07
1.7e-07,-8e-08,2.9e-06,-4.096e-05,-0.00011549,1.2e-07
1.6e-07,-7e-08,2.87e-06,-4.055e-05,-0.00011434,1.2e-07
1.6e-07,-7e-08,2.84e-06,-4.015e-05,-0.0001132,1.2e-07
1.6e-07,-7e-08,2.82e-06,-3.975e-05,-0.00011207,1.2e-07
1.6e-07,-7e-08,2.79e-06,-3.935e-05,-0.00011096,1.2e-07
1.6e-07,-7e-08,2.76e-06,-3.896e-05,-0.00010985,1.2e-07
1.6e-07,-7e-08,2.73e-06,-3.857e-05,-0.00010876,1.2e-07
1.6e-07,-7e-08,2.7e-06,-3.819e-05,-0.00010768,1.2e-07
1.5e-07,-7e-08,2.68e-06,-3.781e-05,-0.00010661,1.2e-07
1.5e-07,-7e-08,2.65e-06,-3.744e-05,-0.00010555,1.2e-07
1.5e-07,-7e-08,2.62e-06,-3.707e-05,-0.0001045,1.2e-07
1.5e-07,-7e-08,2.6e-06,-3.67e-05,-0.00010347,1.2e-07
1.5e-07,-7e-08,2.57e-06,-3.634e-05,-0.00010244,1.2e-07
1.5e-07,-7e-08,2.55e-06,-3.598e-05,-0.00010143,1.1e-07
1.4e-07,-7e-08,2.52e-06,-3.562e-05,-0.00010042,1.1e-07
1.4e-07,-6e-08,2.5e-06,-3.527e-05,-9.943e-05,1.1e-07
1.4e-07,-6e-08,2.47e-06,-3.492e-05,-9.845e-05,1.1e-07
1.4e-07,-6e-08,2.45e-06,-3.458e-05,-9.748e-05,1.1e-07
1.4e-07,-6e-08,2.42e-06,-3.424e-05,-9.651e-05,1.1e-07
1.4e-07,-6e-08,2.4e-06,-3.39e-05,-9.556e-05,1.1e-07
1.4e-07,-6e-08,2.37e-06,-3.357e-05,-9.462e-05,1.1e-07
1.3e-07,-6e-08,2.35e-06,-3.324e-05,-9.369e-05,1.1e-07
1.3e-07,-6e-08,2.33e-06,-3.291e-05,-9.277e-05,1.1e-07
1.3e-07,-6e-08,2.3e-06,-3.259e-05,-9.185e-05,1.1e-07
1.3e-07,-6e-08,2.28e-06,-3.227e-05,-9.095e-05,1.1e-07
1.3e-07,-6e-08,2.26e-06,-3.196e-05,-9.006e-05,1.1e-07
1.3e-07,-6e-08,2.23e-06,-3.164e-05,-8.917e-05,1.1e-07
1.3e-07,-6e-08,2.21e-06,-3.134e-05,-8.83e-05,1e-07
1.3e-07,-6e-08,2.19e-06,-3.103e-05,-8.743e-05,1e-07
1.2e-07,-6e-08,2.17e-06,-3.073e-05,-8.657e-05,1e-07
1.2e-07,-6e-08,2.15e-06,-3.043e-05,-8.572e-05,1e-07
1.2e-07,-6e-08,2.13e-06,-3.013e-05,-8.488e-05,1e-07
1.2e-07,-5e-08,2.1e-06,-2.984e-05,-8.405e-05,1e-07
1.2e-07,-5e-08,2.08e-06,-2.955e-05,-8.323e-05,1e-07
1.2e-07,-5e-08,2.06e-06,-2.926e-05,-8.242e-05,1e-07
1.2e-07,-5e-08,2.04e-06,-2.897e-05,-8.161e-05,9e-08
1.2e-07,-5e-08,2.02e-06,-2.869e-05,-8.081e-05,9e-08
1.1e-07,-5e-08,2e-06,-2.841e-05,-8.002e-05,9e-08
1.1e-07,-5e-08,1.98e-06,-2.814e-05,-7.924e-05,9e-08
1.1e-07,-5e-08,1.96e-06,-2.786e-05,-7.847e-05,9e-08
1.1e-07,-5e-08,1.94e-06,-2.759e-05,-7.77e-05,9e-08
1.1e-07,-5e-08,1.92e-06,-2.733e-05,-7.694e-05,8e-08
1.1e-07,-5e-08,1.9e-06,-2.706e-05,-7.619e-05,8e-08
1.1e-07,-5e-08,1.88e-06,-2.68e-05,-7.544e-05,8e-08
1.1e-07,-5e-08,1.86e-06,-2.654e-05,-7.471e-05,8e-08
1.1e-07,-5e-08,1.85e-06,-2.628e-05,-7.398e-05,8e-08
1e-07,-5e-08,1.83e-06,-2.603e-05,-7.326e-05,7e-08
1e-07,-5e-08,1.81e-06,-2.577e-05,-7.254e-05,7e-08
1e-07,-5e-08,1.79e-06,-2.552e-05,-7.183e-05,7e-08
1e-07,-5e-08,1.77e-06,-2.527e-05,-7.113e-05,7e-08
1e-07,-5e-08,1.76e-06,-2.503e-05,-7.043e-05,7e-08
1e-07,-5e-08,1.74e-06,-2.479e-05,-6.975e-05,6e-08
1e-07,-4e-08,1.72e-06,-2.454e-05,-6.906e-05,6e-08
1e-07,-4e-08,1.7e-06,-2.431e-05,-6.839e-05,6e-08
1e-07,-4e-08,1.69e-06,-2.407e-05,-6.772e-05,6e-08
1e-07,-4e-08,1.67e-06,-2.384e-05,-6.706e-05,6e-08
9e-08,-4e-08,1.65e-06,-2.36e-05,-6.64e-05,5e-08
9e-08,-4e-08,1.64e-06,-2.337e-05,-6.575e-05,5e-08
9e-08,-4e-08,1.62e-06,-2.314e-05,-6.51e-05,5e-08
9e-08,-4e-08,1.6e-06,-2.292e-05,-6.446e-05,5e-08
9e-08,-4e-08,1.59e-06,-2.269e-05,-6.383e-05,5e-08
9e-08,-4e-08,1.57e-06,-2.247e-05,-6.32e-05,4e-08
9e-08,-4e-08,1.56e-06,-2.225e-05,-6.258e-05,4e-08
9e-08,-4e-08,1.54e-06,-2.203e-05,-6.197e-05,4e-08
9e-08,-4e-08,1.53e-06,-2.182e-05,-6.136e-05,4e-08
9e-08,-4e-08,1.51e-06,-2.16e-05,-6.075e-05,4e-08
9e-08,-4e-08,1.49e-06,-2.139e-05,-6.015e-05,3e-08
8e-08,-4e-08,1.48e-06,-2.118e-05,-5.956e-05,3e-08
8e-08,-4e-08,1.47e-06,-2.097e-05,-5.897e-05,3e-08
8e-08,-4e-08,1.45e-06,-2.077e-05,-5.839e-05,3e-08
8e-08,-4e-08,1.44e-06,-2.056e-05,-5.781e-05,3e-08
8e-08,-4e-08,1.42e-06,-2.036e-05,-5.724e-05,3e-08
8e-08,-4e-08,1.41e-06,-2.016e-05,-5.667e-05,3e-08
8e-08,-4e-08,1.39e-06,-1.996e-05,-5.611e-05,3e-08
8e-08,-4e-08,1.38e-06,-1.976e-05,-5.555e-05,2e-08
8e-08,-4e-08,1.37e-06,-1.956e-05,-5.5e-05,2e-08
8e-08,-3e-08,1.35e-06,-1.937e-05,-5.445e-05,2e-08
8e-08,-3e-08,1.34e-06,-1.918e-05,-5.391e-05,2e-08
8e-08,-3e-08,1.33e-06,-1.899e-05,-5.337e-05,2e-08
8e-08,-3e-08,1.31e-06,-1.88e-05,-5.284e-05,2e-08
7e-08,-3e-08,1.3e-06,-1.861e-05,-5.232e-05,2e-08
7e-08,-3e-08,1.29e-06,-1.842e-05,-5.179e-05,2e-08
7e-08,-3e-08,1.27e-06,-1.824e-05,-5.128e-05,2e-08
7e-08,-3e-08,1.26e-06,-1.806e-05,-5.076e-05,2e-08
7e-08,-3e-08,1.25e-06,-1.788e-05,-5.026e-05,2e-08
7e-08,-3e-08,1.23e-06,-1.77e-05,-4.975e-05,2e-08
7e-08,-3e-08,1.22e-06,-1.752e-05,-4.926e-05,2e-08
